# r(Angstrom)	g(r)_ideal	J(r)_ideal	J(r)_broadened
8.000000000000000167e-03 0.000000000000000000e+00 0.000000000000000000e+00 0.000000000000000000e+00
2.400000000000000050e-02 0.000000000000000000e+00 0.000000000000000000e+00 0.000000000000000000e+00
4.000000000000000083e-02 0.000000000000000000e+00 0.000000000000000000e+00 0.000000000000000000e+00
5.600000000000000117e-02 0.000000000000000000e+00 0.000000000000000000e+00 0.000000000000000000e+00
7.200000000000000844e-02 0.000000000000000000e+00 0.000000000000000000e+00 0.000000000000000000e+00
8.799999999999999489e-02 0.000000000000000000e+00 0.000000000000000000e+00 0.000000000000000000e+00
1.040000000000000091e-01 0.000000000000000000e+00 0.000000000000000000e+00 0.000000000000000000e+00
1.199999999999999956e-01 0.000000000000000000e+00 0.000000000000000000e+00 0.000000000000000000e+00
1.360000000000000098e-01 0.000000000000000000e+00 0.000000000000000000e+00 0.000000000000000000e+00
1.520000000000000240e-01 0.000000000000000000e+00 0.000000000000000000e+00 0.000000000000000000e+00
1.680000000000000104e-01 0.000000000000000000e+00 0.000000000000000000e+00 0.000000000000000000e+00
1.839999999999999969e-01 0.000000000000000000e+00 0.000000000000000000e+00 0.000000000000000000e+00
2.000000000000000111e-01 0.000000000000000000e+00 0.000000000000000000e+00 0.000000000000000000e+00
2.160000000000000253e-01 0.000000000000000000e+00 0.000000000000000000e+00 0.000000000000000000e+00
2.320000000000000118e-01 0.000000000000000000e+00 0.000000000000000000e+00 0.000000000000000000e+00
2.479999999999999982e-01 0.000000000000000000e+00 0.000000000000000000e+00 0.000000000000000000e+00
2.640000000000000124e-01 0.000000000000000000e+00 0.000000000000000000e+00 0.000000000000000000e+00
2.800000000000000266e-01 0.000000000000000000e+00 0.000000000000000000e+00 0.000000000000000000e+00
2.960000000000000409e-01 0.000000000000000000e+00 0.000000000000000000e+00 0.000000000000000000e+00
3.119999999999999996e-01 0.000000000000000000e+00 0.000000000000000000e+00 0.000000000000000000e+00
3.280000000000000138e-01 0.000000000000000000e+00 0.000000000000000000e+00 0.000000000000000000e+00
3.440000000000000280e-01 0.000000000000000000e+00 0.000000000000000000e+00 0.000000000000000000e+00
3.599999999999999867e-01 0.000000000000000000e+00 0.000000000000000000e+00 0.000000000000000000e+00
3.760000000000000009e-01 0.000000000000000000e+00 0.000000000000000000e+00 0.000000000000000000e+00
3.920000000000000151e-01 0.000000000000000000e+00 0.000000000000000000e+00 0.000000000000000000e+00
4.080000000000000293e-01 0.000000000000000000e+00 0.000000000000000000e+00 0.000000000000000000e+00
4.240000000000000435e-01 0.000000000000000000e+00 0.000000000000000000e+00 0.000000000000000000e+00
4.400000000000000022e-01 0.000000000000000000e+00 0.000000000000000000e+00 0.000000000000000000e+00
4.560000000000000164e-01 0.000000000000000000e+00 0.000000000000000000e+00 0.000000000000000000e+00
4.720000000000000306e-01 0.000000000000000000e+00 0.000000000000000000e+00 0.000000000000000000e+00
4.879999999999999893e-01 0.000000000000000000e+00 0.000000000000000000e+00 0.000000000000000000e+00
5.040000000000000036e-01 0.000000000000000000e+00 0.000000000000000000e+00 0.000000000000000000e+00
5.200000000000000178e-01 0.000000000000000000e+00 0.000000000000000000e+00 0.000000000000000000e+00
5.360000000000000320e-01 0.000000000000000000e+00 0.000000000000000000e+00 0.000000000000000000e+00
5.520000000000000462e-01 0.000000000000000000e+00 0.000000000000000000e+00 0.000000000000000000e+00
5.680000000000000604e-01 0.000000000000000000e+00 0.000000000000000000e+00 0.000000000000000000e+00
5.840000000000000746e-01 0.000000000000000000e+00 0.000000000000000000e+00 0.000000000000000000e+00
5.999999999999999778e-01 0.000000000000000000e+00 0.000000000000000000e+00 0.000000000000000000e+00
6.159999999999999920e-01 0.000000000000000000e+00 0.000000000000000000e+00 0.000000000000000000e+00
6.320000000000000062e-01 0.000000000000000000e+00 0.000000000000000000e+00 0.000000000000000000e+00
6.480000000000000204e-01 0.000000000000000000e+00 0.000000000000000000e+00 0.000000000000000000e+00
6.640000000000000346e-01 0.000000000000000000e+00 0.000000000000000000e+00 0.000000000000000000e+00
6.800000000000000488e-01 0.000000000000000000e+00 0.000000000000000000e+00 0.000000000000000000e+00
6.960000000000000631e-01 0.000000000000000000e+00 0.000000000000000000e+00 0.000000000000000000e+00
7.119999999999999662e-01 0.000000000000000000e+00 0.000000000000000000e+00 0.000000000000000000e+00
7.279999999999999805e-01 0.000000000000000000e+00 0.000000000000000000e+00 0.000000000000000000e+00
7.439999999999999947e-01 0.000000000000000000e+00 0.000000000000000000e+00 0.000000000000000000e+00
7.600000000000000089e-01 0.000000000000000000e+00 0.000000000000000000e+00 0.000000000000000000e+00
7.760000000000000231e-01 0.000000000000000000e+00 0.000000000000000000e+00 0.000000000000000000e+00
7.920000000000000373e-01 0.000000000000000000e+00 0.000000000000000000e+00 0.000000000000000000e+00
8.080000000000000515e-01 0.000000000000000000e+00 0.000000000000000000e+00 0.000000000000000000e+00
8.240000000000000657e-01 0.000000000000000000e+00 0.000000000000000000e+00 0.000000000000000000e+00
8.400000000000000799e-01 0.000000000000000000e+00 0.000000000000000000e+00 0.000000000000000000e+00
8.559999999999999831e-01 0.000000000000000000e+00 0.000000000000000000e+00 0.000000000000000000e+00
8.719999999999999973e-01 0.000000000000000000e+00 0.000000000000000000e+00 0.000000000000000000e+00
8.880000000000000115e-01 0.000000000000000000e+00 0.000000000000000000e+00 0.000000000000000000e+00
9.040000000000000258e-01 0.000000000000000000e+00 0.000000000000000000e+00 0.000000000000000000e+00
9.200000000000000400e-01 0.000000000000000000e+00 0.000000000000000000e+00 0.000000000000000000e+00
9.360000000000000542e-01 0.000000000000000000e+00 0.000000000000000000e+00 0.000000000000000000e+00
9.520000000000000684e-01 0.000000000000000000e+00 0.000000000000000000e+00 0.000000000000000000e+00
9.679999999999999716e-01 0.000000000000000000e+00 0.000000000000000000e+00 0.000000000000000000e+00
9.839999999999999858e-01 0.000000000000000000e+00 0.000000000000000000e+00 0.000000000000000000e+00
1.000000000000000000e+00 0.000000000000000000e+00 0.000000000000000000e+00 0.000000000000000000e+00
1.016000000000000014e+00 0.000000000000000000e+00 0.000000000000000000e+00 0.000000000000000000e+00
1.032000000000000028e+00 0.000000000000000000e+00 0.000000000000000000e+00 0.000000000000000000e+00
1.048000000000000043e+00 0.000000000000000000e+00 0.000000000000000000e+00 0.000000000000000000e+00
1.064000000000000057e+00 0.000000000000000000e+00 0.000000000000000000e+00 0.000000000000000000e+00
1.080000000000000071e+00 0.000000000000000000e+00 0.000000000000000000e+00 0.000000000000000000e+00
1.096000000000000085e+00 0.000000000000000000e+00 0.000000000000000000e+00 0.000000000000000000e+00
1.112000000000000099e+00 0.000000000000000000e+00 0.000000000000000000e+00 0.000000000000000000e+00
1.128000000000000114e+00 0.000000000000000000e+00 0.000000000000000000e+00 0.000000000000000000e+00
1.144000000000000128e+00 0.000000000000000000e+00 0.000000000000000000e+00 0.000000000000000000e+00
1.160000000000000142e+00 0.000000000000000000e+00 0.000000000000000000e+00 0.000000000000000000e+00
1.175999999999999934e+00 0.000000000000000000e+00 0.000000000000000000e+00 0.000000000000000000e+00
1.191999999999999948e+00 0.000000000000000000e+00 0.000000000000000000e+00 0.000000000000000000e+00
1.207999999999999963e+00 0.000000000000000000e+00 0.000000000000000000e+00 0.000000000000000000e+00
1.223999999999999977e+00 0.000000000000000000e+00 0.000000000000000000e+00 0.000000000000000000e+00
1.239999999999999991e+00 0.000000000000000000e+00 0.000000000000000000e+00 0.000000000000000000e+00
1.256000000000000005e+00 0.000000000000000000e+00 0.000000000000000000e+00 0.000000000000000000e+00
1.272000000000000020e+00 0.000000000000000000e+00 0.000000000000000000e+00 0.000000000000000000e+00
1.288000000000000034e+00 0.000000000000000000e+00 0.000000000000000000e+00 0.000000000000000000e+00
1.304000000000000048e+00 0.000000000000000000e+00 0.000000000000000000e+00 0.000000000000000000e+00
1.320000000000000062e+00 0.000000000000000000e+00 0.000000000000000000e+00 0.000000000000000000e+00
1.336000000000000076e+00 0.000000000000000000e+00 0.000000000000000000e+00 0.000000000000000000e+00
1.352000000000000091e+00 0.000000000000000000e+00 0.000000000000000000e+00 0.000000000000000000e+00
1.368000000000000105e+00 0.000000000000000000e+00 0.000000000000000000e+00 0.000000000000000000e+00
1.384000000000000119e+00 0.000000000000000000e+00 0.000000000000000000e+00 0.000000000000000000e+00
1.400000000000000133e+00 0.000000000000000000e+00 0.000000000000000000e+00 0.000000000000000000e+00
1.415999999999999925e+00 0.000000000000000000e+00 0.000000000000000000e+00 0.000000000000000000e+00
1.431999999999999940e+00 0.000000000000000000e+00 0.000000000000000000e+00 0.000000000000000000e+00
1.447999999999999954e+00 0.000000000000000000e+00 0.000000000000000000e+00 0.000000000000000000e+00
1.463999999999999968e+00 0.000000000000000000e+00 0.000000000000000000e+00 0.000000000000000000e+00
1.479999999999999982e+00 0.000000000000000000e+00 0.000000000000000000e+00 0.000000000000000000e+00
1.495999999999999996e+00 0.000000000000000000e+00 0.000000000000000000e+00 0.000000000000000000e+00
1.512000000000000011e+00 0.000000000000000000e+00 0.000000000000000000e+00 0.000000000000000000e+00
1.528000000000000025e+00 0.000000000000000000e+00 0.000000000000000000e+00 0.000000000000000000e+00
1.544000000000000039e+00 0.000000000000000000e+00 0.000000000000000000e+00 0.000000000000000000e+00
1.560000000000000053e+00 0.000000000000000000e+00 0.000000000000000000e+00 0.000000000000000000e+00
1.576000000000000068e+00 0.000000000000000000e+00 0.000000000000000000e+00 0.000000000000000000e+00
1.592000000000000082e+00 0.000000000000000000e+00 0.000000000000000000e+00 0.000000000000000000e+00
1.608000000000000096e+00 0.000000000000000000e+00 0.000000000000000000e+00 0.000000000000000000e+00
1.624000000000000110e+00 0.000000000000000000e+00 0.000000000000000000e+00 0.000000000000000000e+00
1.640000000000000124e+00 0.000000000000000000e+00 0.000000000000000000e+00 0.000000000000000000e+00
1.656000000000000139e+00 0.000000000000000000e+00 0.000000000000000000e+00 0.000000000000000000e+00
1.672000000000000153e+00 0.000000000000000000e+00 0.000000000000000000e+00 0.000000000000000000e+00
1.687999999999999945e+00 0.000000000000000000e+00 0.000000000000000000e+00 0.000000000000000000e+00
1.703999999999999959e+00 0.000000000000000000e+00 0.000000000000000000e+00 0.000000000000000000e+00
1.719999999999999973e+00 0.000000000000000000e+00 0.000000000000000000e+00 0.000000000000000000e+00
1.735999999999999988e+00 0.000000000000000000e+00 0.000000000000000000e+00 0.000000000000000000e+00
1.752000000000000002e+00 0.000000000000000000e+00 0.000000000000000000e+00 0.000000000000000000e+00
1.768000000000000016e+00 0.000000000000000000e+00 0.000000000000000000e+00 0.000000000000000000e+00
1.784000000000000030e+00 0.000000000000000000e+00 0.000000000000000000e+00 0.000000000000000000e+00
1.800000000000000044e+00 0.000000000000000000e+00 0.000000000000000000e+00 0.000000000000000000e+00
1.816000000000000059e+00 0.000000000000000000e+00 0.000000000000000000e+00 0.000000000000000000e+00
1.832000000000000073e+00 0.000000000000000000e+00 0.000000000000000000e+00 0.000000000000000000e+00
1.848000000000000087e+00 0.000000000000000000e+00 0.000000000000000000e+00 0.000000000000000000e+00
1.864000000000000101e+00 0.000000000000000000e+00 0.000000000000000000e+00 0.000000000000000000e+00
1.880000000000000115e+00 0.000000000000000000e+00 0.000000000000000000e+00 0.000000000000000000e+00
1.896000000000000130e+00 0.000000000000000000e+00 0.000000000000000000e+00 0.000000000000000000e+00
1.912000000000000144e+00 0.000000000000000000e+00 0.000000000000000000e+00 0.000000000000000000e+00
1.927999999999999936e+00 0.000000000000000000e+00 0.000000000000000000e+00 1.672937869224431487e-06
1.943999999999999950e+00 0.000000000000000000e+00 0.000000000000000000e+00 3.649467563614755048e-06
1.959999999999999964e+00 0.000000000000000000e+00 0.000000000000000000e+00 9.321986741647735346e-06
1.975999999999999979e+00 0.000000000000000000e+00 0.000000000000000000e+00 2.574451311874351547e-05
1.991999999999999993e+00 0.000000000000000000e+00 0.000000000000000000e+00 6.208672412347360074e-05
2.008000000000000007e+00 0.000000000000000000e+00 0.000000000000000000e+00 1.433716585605852086e-04
2.024000000000000021e+00 0.000000000000000000e+00 0.000000000000000000e+00 3.084899320000150939e-04
2.040000000000000036e+00 0.000000000000000000e+00 0.000000000000000000e+00 6.726253634022214467e-04
2.056000000000000050e+00 0.000000000000000000e+00 0.000000000000000000e+00 1.406834375743078614e-03
2.072000000000000064e+00 0.000000000000000000e+00 0.000000000000000000e+00 2.778236827879667498e-03
2.088000000000000078e+00 0.000000000000000000e+00 0.000000000000000000e+00 5.323475347647026873e-03
2.104000000000000092e+00 0.000000000000000000e+00 0.000000000000000000e+00 9.881814717479377175e-03
2.120000000000000107e+00 0.000000000000000000e+00 0.000000000000000000e+00 1.779780041034519783e-02
2.136000000000000121e+00 0.000000000000000000e+00 0.000000000000000000e+00 3.114679064805657774e-02
2.152000000000000135e+00 0.000000000000000000e+00 0.000000000000000000e+00 5.299500732452549351e-02
2.168000000000000149e+00 0.000000000000000000e+00 0.000000000000000000e+00 8.785509010175124311e-02
2.184000000000000163e+00 0.000000000000000000e+00 0.000000000000000000e+00 1.419148109982384942e-01
2.200000000000000178e+00 0.000000000000000000e+00 0.000000000000000000e+00 2.233764261029620446e-01
2.216000000000000192e+00 0.000000000000000000e+00 0.000000000000000000e+00 3.427534681460847055e-01
2.232000000000000206e+00 0.000000000000000000e+00 0.000000000000000000e+00 5.126631308344563598e-01
2.248000000000000220e+00 2.696804943978974023e-02 6.249973615778147557e-02 7.475370791341710008e-01
2.264000000000000234e+00 0.000000000000000000e+00 0.000000000000000000e+00 1.062708181434701471e+00
2.280000000000000249e+00 2.621636691137062269e-02 6.249974351187598254e-02 1.473030912509128099e+00
2.296000000000000263e+00 1.034090263932403442e-01 2.499989882966158483e-01 1.991027856851640410e+00
2.312000000000000277e+00 1.529740766469679936e-01 3.749985033763802433e-01 2.624628354450650569e+00
2.327999999999999847e+00 3.017571486905507028e-01 7.499970477555061299e-01 3.374853393918954669e+00
2.343999999999999861e+00 4.216732034394301554e-01 1.062495874555423159e+00 4.233727646363059982e+00
2.359999999999999876e+00 1.198986776843767865e+00 3.062488269699234600e+00 5.182766362975446128e+00
2.375999999999999890e+00 1.931254265911455104e+00 4.999981105551953853e+00 6.192479355357041193e+00
2.391999999999999904e+00 2.143692667203192403e+00 5.624979027158406808e+00 7.223223330314963775e+00
2.407999999999999918e+00 3.219956369364814996e+00 8.562468497520198341e+00 8.227382458595865700e+00
2.423999999999999932e+00 4.198128714773461390e+00 1.131245892755996252e+01 9.152882157203205082e+00
2.439999999999999947e+00 5.058887803295300856e+00 1.381245050631370752e+01 9.947683926517093767e+00
2.455999999999999961e+00 5.648403723010602562e+00 1.562494473877802648e+01 1.056469848223190233e+01
2.471999999999999975e+00 5.441709581394008843e+00 1.524994676097245794e+01 1.096647622946841949e+01
2.487999999999999989e+00 6.010413912870557596e+00 1.706244119704703621e+01 1.112904536948105161e+01
2.504000000000000004e+00 5.912113461323571073e+00 1.699994215877072534e+01 1.104430810765814108e+01
2.520000000000000018e+00 4.935933254289569305e+00 1.437495170924099064e+01 1.072066878389049194e+01
2.536000000000000032e+00 4.725512397466449244e+00 1.393745376789563828e+01 1.018184975505855050e+01
2.552000000000000046e+00 3.662007832417227604e+00 1.093746417270477878e+01 9.464077150059612364e+00
2.568000000000000060e+00 2.872548297336438683e+00 8.687471896391064874e+00 8.612136243250175127e+00
2.584000000000000075e+00 2.224764646443211813e+00 6.812478233989721410e+00 7.674838659247005701e+00
2.600000000000000089e+00 1.673300761654734625e+00 5.187483629243029526e+00 6.700604501436438376e+00
2.616000000000000103e+00 1.394007754793384013e+00 4.374986361709256144e+00 5.733579762546176184e+00
2.632000000000000117e+00 9.443046166213997505e-01 2.999990761385034066e+00 4.810830349509617854e+00
2.648000000000000131e+00 4.858997869910923195e-01 1.562495246193916110e+00 3.960622307653721030e+00
2.664000000000000146e+00 3.840645582680131120e-01 1.249996242500025279e+00 3.201894376605106007e+00
2.680000000000000160e+00 3.605177946940331113e-01 1.187496472870055442e+00 2.544711309163647073e+00
2.696000000000000174e+00 9.375035842268383823e-02 3.124990827923010972e-01 1.991377274991694701e+00
2.712000000000000188e+00 7.411794066080264198e-02 2.499992748662871744e-01 1.538093969524211069e+00
2.728000000000000203e+00 9.156384262729437562e-02 3.124991041841044259e-01 1.176664362025779953e+00
2.744000000000000217e+00 3.619966353964409328e-02 1.249996458401795990e-01 8.961332989653602032e-01
2.760000000000000231e+00 3.578117500753435348e-02 1.249996499344672579e-01 6.843431485823638916e-01
2.776000000000000245e+00 8.842475422026013776e-02 3.124991348954138659e-01 5.291078810310743119e-01
2.792000000000000259e+00 5.244851799784733953e-02 1.874994868693264927e-01 4.190509207827139981e-01
2.808000000000000274e+00 3.456834570781240623e-02 1.249996618001960880e-01 3.441690281279990438e-01
2.823999999999999844e+00 5.126662066641769072e-02 1.874994984324342417e-01 2.960694646704822297e-01
2.839999999999999858e+00 3.379373154336783036e-02 1.249996693786429303e-01 2.681885063725593099e-01
2.855999999999999872e+00 6.683230380172172636e-02 2.499993461453955124e-01 2.555811894563193021e-01
2.871999999999999886e+00 4.956729774802053762e-02 1.874995150577799252e-01 2.547164110336094800e-01
2.887999999999999901e+00 8.169933067360655998e-02 3.124992006936694322e-01 2.633508765346323499e-01
2.903999999999999915e+00 1.616030898310969952e-02 6.249984189543279778e-02 2.801549945389542051e-01
2.919999999999999929e+00 9.590217211183893475e-02 3.749990617400110193e-01 3.045133479813100230e-01
2.935999999999999943e+00 1.580996125279688150e-02 6.249984532306381013e-02 3.363285078461641930e-01
2.951999999999999957e+00 9.383426655871734967e-02 3.749990819713862056e-01 3.757429178000330494e-01
2.967999999999999972e+00 7.735442143705881235e-02 3.124992432021397870e-01 4.230507816728752424e-01
2.983999999999999986e+00 6.122168748018797652e-02 2.499994010369241404e-01 4.785156753236001204e-01
3.000000000000000000e+00 1.211407982154988072e-01 4.999988148176263136e-01 5.423246212066119565e-01
3.016000000000000014e+00 1.048765349035760963e-01 4.374989739392255439e-01 6.145456062465806113e-01
3.032000000000000028e+00 1.482465451795479672e-01 6.249985496282365327e-01 6.952009627700371786e-01
3.048000000000000043e+00 1.466942395930767584e-01 6.249985648152351914e-01 7.841676840628069023e-01
3.064000000000000057e+00 2.177492827300059608e-01 9.374978696474215445e-01 8.813322163141448229e-01
3.080000000000000071e+00 1.436618891843774171e-01 6.249985944822773476e-01 9.865884457703342214e-01
3.096000000000000085e+00 2.701436187346031303e-01 1.187497357046820801e+00 1.099952307359886694e+00
3.112000000000000099e+00 3.518064991659677898e-01 1.562496558097113519e+00 1.221581484445527055e+00
3.128000000000000114e+00 2.367873344018864845e-01 1.062497683388428316e+00 1.351865080325419077e+00
3.144000000000000128e+00 1.654471219945741201e-01 7.499983813461981175e-01 1.491445628008323698e+00
3.160000000000000142e+00 3.411999025529601770e-01 1.562496661866871861e+00 1.641296250962195558e+00
3.176000000000000156e+00 3.918141127034777682e-01 1.812496166682169951e+00 1.802636610300493603e+00
3.192000000000000171e+00 5.216532472850083924e-01 2.437494896399494237e+00 1.976986724762855863e+00
3.208000000000000185e+00 4.767348099224457125e-01 2.249995335859575007e+00 2.165874258957606546e+00
3.224000000000000199e+00 4.326801435371975257e-01 2.062495766868901903e+00 2.370663998226450797e+00
3.240000000000000213e+00 2.985938894406334199e-01 1.437497078703286579e+00 2.592324953057133285e+00
3.256000000000000227e+00 4.884925144941027475e-01 2.374995220827914366e+00 2.831134072033220317e+00
3.272000000000000242e+00 5.473750313051394256e-01 2.687494644750191064e+00 3.086564505615479348e+00
3.288000000000000256e+00 6.807274567031909029e-01 3.374993340095146621e+00 3.357186384982393079e+00
3.304000000000000270e+00 7.116032329751073027e-01 3.562493038021686154e+00 3.640974460430236981e+00
3.320000000000000284e+00 8.160389914582488746e-01 4.124992016273249185e+00 3.935518412086989937e+00
3.336000000000000298e+00 7.225086951590172779e-01 3.687492931327950085e+00 4.238371338073603667e+00
3.351999999999999869e+00 9.824719439039558688e-01 5.062490387974576400e+00 4.547471796154248125e+00
3.367999999999999883e+00 1.009202427525543122e+00 5.249990126456538064e+00 4.861353292416115579e+00
3.383999999999999897e+00 1.071087558057503442e+00 5.624989521002739856e+00 5.179182782143485042e+00
3.399999999999999911e+00 9.195597425105036526e-01 4.874991003476774942e+00 5.500728286119914046e+00
3.415999999999999925e+00 1.004398177694174832e+00 5.374990173458962239e+00 5.826039679325860199e+00
3.431999999999999940e+00 1.076047855889350480e+00 5.812489472473560959e+00 6.155237547110518292e+00
3.447999999999999954e+00 1.192180539982310883e+00 6.499988336288159196e+00 6.488141149335793223e+00
3.463999999999999968e+00 1.226623270546031153e+00 6.749987999317333731e+00 6.824236213006548368e+00
3.479999999999999982e+00 1.395424729094412175e+00 7.749986347846261836e+00 7.162330186124880704e+00
3.495999999999999996e+00 1.193120079164509795e+00 6.687488327096100527e+00 7.500934026697448687e+00
3.512000000000000011e+00 1.491653617609973059e+00 8.437485406389892972e+00 7.838281384286845288e+00
3.528000000000000025e+00 1.489103875599616433e+00 8.499985431335277397e+00 8.172532866247756544e+00
3.544000000000000039e+00 1.399734055369818764e+00 8.062486305685865773e+00 8.502164790287070062e+00
3.560000000000000053e+00 1.494713841100858032e+00 8.687485376450165830e+00 8.826059758460855775e+00
3.576000000000000068e+00 1.641228156206018474e+00 9.624983943025698707e+00 9.143753317048707530e+00
3.592000000000000082e+00 1.795641070485924917e+00 1.062498243232504791e+01 9.455306345708780924e+00
3.608000000000000096e+00 1.559899007710191521e+00 9.312484738710388399e+00 9.761285814315677101e+00
3.624000000000000110e+00 1.608416788453000290e+00 9.687484264035962411e+00 1.006253194635248427e+01
3.640000000000000124e+00 1.748595827232393152e+00 1.062498289259288242e+01 1.035983359359195788e+01
3.656000000000000139e+00 1.672148192082993701e+00 1.024998364051919886e+01 1.065373162583828659e+01
3.672000000000000153e+00 1.698037325165961953e+00 1.049998338723255920e+01 1.094400550866081545e+01
3.688000000000000167e+00 1.873713058129987896e+00 1.168748166850687120e+01 1.122958674144219771e+01
3.704000000000000181e+00 1.827760024635243230e+00 1.149998211808909332e+01 1.150843294462135624e+01
3.720000000000000195e+00 1.979490815326190534e+00 1.256248063362909839e+01 1.177740698724220181e+01
3.736000000000000210e+00 1.806347541598548379e+00 1.156248232757818606e+01 1.203251314447622811e+01
3.752000000000000224e+00 1.955550496065999955e+00 1.262498086784937357e+01 1.226897752451208135e+01
3.768000000000000238e+00 1.804593510702987347e+00 1.174998234473886782e+01 1.248168119068554383e+01
3.784000000000000252e+00 2.227188306551791008e+00 1.462497821027797684e+01 1.266548567408935710e+01
3.800000000000000266e+00 1.859269624611509686e+00 1.231248180981437557e+01 1.281549975256781160e+01
3.816000000000000281e+00 2.105761264901262475e+00 1.406247939826078053e+01 1.292747814871816203e+01
3.832000000000000295e+00 2.236708528341787350e+00 1.506247811713660667e+01 1.299795540060546628e+01
3.847999999999999865e+00 1.969640672638992340e+00 1.337498072999800591e+01 1.302432835676273370e+01
3.863999999999999879e+00 1.889467700571420883e+00 1.293748151437141658e+01 1.300494519852683517e+01
3.879999999999999893e+00 1.729072817961168962e+00 1.193748308359627686e+01 1.293900112553524018e+01
3.895999999999999908e+00 1.966299147367930766e+00 1.368748076269008607e+01 1.282657780733378061e+01
3.911999999999999922e+00 2.066015950411331126e+00 1.449997978710936408e+01 1.266866285564033667e+01
3.927999999999999936e+00 1.934392229656157092e+00 1.368748107485154186e+01 1.246729228382576338e+01
3.943999999999999950e+00 1.831116014184341889e+00 1.306248208525555832e+01 1.222559941647057435e+01
3.959999999999999964e+00 1.512175747389620017e+00 1.087498520561147508e+01 1.194777324125062457e+01
3.975999999999999979e+00 1.801759959826736202e+00 1.306248237246087207e+01 1.163926422248500714e+01
3.991999999999999993e+00 1.530789121350980109e+00 1.118748502350750762e+01 1.130644328430217982e+01
4.008000000000000007e+00 1.476172901721851671e+00 1.087498555784561383e+01 1.095637918459710036e+01
4.024000000000000021e+00 1.481290148104076110e+00 1.099998550778087036e+01 1.059644074138064695e+01
4.040000000000000036e+00 1.310932521068180145e+00 9.812487174476915541e+00 1.023395260472853074e+01
4.056000000000000050e+00 1.325462696861320122e+00 9.999987032320470703e+00 9.875687215202420433e+00
4.072000000000000064e+00 1.175341099525781807e+00 8.937488501037035959e+00 9.527701642089116518e+00
4.088000000000000078e+00 1.084609228053435404e+00 8.312489388713199645e+00 9.194865834094892776e+00
4.104000000000000092e+00 1.189449651243306150e+00 9.187488363005885006e+00 8.880918618061109271e+00
4.120000000000000107e+00 9.955674527237152738e-01 7.749990259854423691e+00 8.588318099690232188e+00
4.136000000000000121e+00 1.059580658318923119e+00 8.312489633580760540e+00 8.318404297628971378e+00
4.152000000000000135e+00 9.407532278771938428e-01 7.437490796129970327e+00 8.071319840521864464e+00
4.168000000000000149e+00 9.963037154546401375e-01 7.937490252651228317e+00 7.846346357565353813e+00
4.184000000000000163e+00 9.419882209378165339e-01 7.562490784047561476e+00 7.642100503921532173e+00
4.200000000000000178e+00 8.266632945133033372e-01 6.687491912330229660e+00 7.456580435751673619e+00
4.216000000000000192e+00 8.587372062865316069e-01 6.999991598534792914e+00 7.287593920381459256e+00
4.232000000000000206e+00 8.065996194158773225e-01 6.624992108623501075e+00 7.132742797604306517e+00
4.248000000000000220e+00 9.364748931453948932e-01 7.749990837987193792e+00 6.989808122847028571e+00
4.264000000000000234e+00 9.369557790939974096e-01 7.812490833282330627e+00 6.856847945461360894e+00
4.280000000000000249e+00 6.472546686341401623e-01 5.437493667576663192e+00 6.732131659757948583e+00
4.296000000000000263e+00 7.753615033810722368e-01 6.562492414241895666e+00 6.614472104053869650e+00
4.312000000000000277e+00 7.109805408197561460e-01 6.062493044113761442e+00 6.502981640495595350e+00
4.328000000000000291e+00 7.712139014565145834e-01 6.624992454819966348e+00 6.397465269221884299e+00
4.344000000000000306e+00 7.510990246357471811e-01 6.499992651614164174e+00 6.298058889289906759e+00
4.360000000000000320e+00 7.455964923794458077e-01 6.499992705448312869e+00 6.205347039192703029e+00
4.376000000000000334e+00 6.334011959197628494e-01 5.562493803112131374e+00 6.120367893785808810e+00
4.392000000000000348e+00 7.418363991610200658e-01 6.562492742235116694e+00 6.044247255055032575e+00
4.408000000000000362e+00 6.522938484954525773e-01 5.812493618275713203e+00 5.978211667969845600e+00
4.424000000000000377e+00 5.222452952843606999e-01 4.687494890607228015e+00 5.923337043448948513e+00
4.440000000000000391e+00 6.429253074260725676e-01 5.812493709932972763e+00 5.880347646408708329e+00
4.456000000000000405e+00 6.039984499215378388e-01 5.499994090774247724e+00 5.849620990599731840e+00
4.472000000000000419e+00 6.814593110090012562e-01 6.249993332935114942e+00 5.831120153696256025e+00
4.488000000000000433e+00 5.954159968687328108e-01 5.499994174740762354e+00 5.824513257305246050e+00
4.504000000000000448e+00 6.516561476809885622e-01 6.062493624514670998e+00 5.829231743548163536e+00
4.520000000000000462e+00 5.603326715649148415e-01 5.249994517978991304e+00 5.844665316648015363e+00
4.536000000000000476e+00 6.954833540013648507e-01 6.562493195730635165e+00 5.870146550922274997e+00
4.552000000000000490e+00 5.853680784313037844e-01 5.562494273044736204e+00 5.904955945677989426e+00
4.568000000000000504e+00 5.094316825194142861e-01 4.874995015969291856e+00 5.948269929961385927e+00
4.584000000000000519e+00 6.939658537098837288e-01 6.687493210577237335e+00 5.999086481643585600e+00
4.600000000000000533e+00 5.410123357895491036e-01 5.249994706999650873e+00 6.056167728089871360e+00
4.616000000000000547e+00 6.843775038486403783e-01 6.687493304384818593e+00 6.118025982103175053e+00
4.631999999999999673e+00 5.780266231471684613e-01 5.687494344869965524e+00 6.182893852491543996e+00
4.647999999999999687e+00 6.812947945632408242e-01 6.749993334544635459e+00 6.248998887776988198e+00
4.663999999999999702e+00 6.828934880382390160e-01 6.812493318903788619e+00 6.314542463086607604e+00
4.679999999999999716e+00 5.413412311616123684e-01 5.437494703781889704e+00 6.378053863915854826e+00
4.695999999999999730e+00 7.045182336583019067e-01 7.124993107337890486e+00 6.438397378468198262e+00
4.711999999999999744e+00 6.444990790102228528e-01 6.562493694535938893e+00 6.494924809531845256e+00
4.727999999999999758e+00 5.913714675839438772e-01 6.062494214310488516e+00 6.547561092660309612e+00
4.743999999999999773e+00 6.963892378600150534e-01 7.187493186867977002e+00 6.596889838249390792e+00
4.759999999999999787e+00 6.917155021881207233e-01 7.187493232593554993e+00 6.643967355223881377e+00
4.775999999999999801e+00 5.914937159577011716e-01 6.187494213114475450e+00 6.690204507783506394e+00
4.791999999999999815e+00 6.587686742226565029e-01 6.937493554929167416e+00 6.737286815065464118e+00
4.807999999999999829e+00 6.249143957483446199e-01 6.624993886142894972e+00 6.786839500085489085e+00
4.823999999999999844e+00 5.914940226809405344e-01 6.312494213111413011e+00 6.840252784518678908e+00
4.839999999999999858e+00 6.166783891920931682e-01 6.624993966720032823e+00 6.898405414214463960e+00
4.855999999999999872e+00 6.357390944611638339e-01 6.874993780239218921e+00 6.961668731728661186e+00
4.871999999999999886e+00 6.889858129099926121e-01 7.499993259299493786e+00 7.029800502749716351e+00
4.887999999999999901e+00 6.160343883709477053e-01 6.749993973020551152e+00 7.102105610888903797e+00
4.903999999999999915e+00 6.573560492123159404e-01 7.249993568749571793e+00 7.177567989093776468e+00
4.919999999999999929e+00 6.418273888567838092e-01 7.124993720674524411e+00 7.255187615054417449e+00
4.935999999999999943e+00 6.376731808249994637e-01 7.124993761317124807e+00 7.334226723440890439e+00
4.951999999999999957e+00 6.891345408143212392e-01 7.749993257844438155e+00 7.414391885328592835e+00
4.967999999999999972e+00 7.233554014592640247e-01 8.187492923044084492e+00 7.496141758727247861e+00
4.983999999999999986e+00 6.035041039451366496e-01 6.874994095610725608e+00 7.580642024967758630e+00
5.000000000000000000e+00 6.868693678856744311e-01 7.874993280005715413e+00 7.669637865190352954e+00
5.016000000000000014e+00 7.258273975556417401e-01 8.374992898859380475e+00 7.765393368641771765e+00
5.032000000000000028e+00 6.135743605137649048e-01 7.124993997088151509e+00 7.870200232666441309e+00
5.048000000000000043e+00 5.936464917135645392e-01 6.937494192052986897e+00 7.986199869187696976e+00
5.064000000000000057e+00 6.749318896966480796e-01 7.937493396795998635e+00 8.115058169840898117e+00
5.080000000000000071e+00 7.182160525589920130e-01 8.499992973325134926e+00 8.257621816119062430e+00
5.096000000000000085e+00 6.927215822958242564e-01 8.249993222750523714e+00 8.413983712733529075e+00
5.112000000000000099e+00 6.779619034146132650e-01 8.124993367152043788e+00 8.583334686312381834e+00
5.128000000000000114e+00 7.255638442967502488e-01 8.749992901437847692e+00 8.764252834672147330e+00
5.144000000000000128e+00 7.468092957837649815e-01 9.062492693582751002e+00 8.954886122927675274e+00
5.160000000000000142e+00 7.165925146299716442e-01 8.749992989208886129e+00 9.153397512541445735e+00
5.176000000000000156e+00 7.325168072246336370e-01 8.999992833413386961e+00 9.358099013116445875e+00
5.192000000000000171e+00 8.341770086805111450e-01 1.031249183881996956e+01 9.568036389576958456e+00
5.208000000000000185e+00 7.989117608059536080e-01 9.937492183837678184e+00 9.782937587791316503e+00
5.224000000000000199e+00 7.540744987975233071e-01 9.437492622503414808e+00 1.000364230692026979e+01
5.240000000000000213e+00 8.934156928022403132e-01 1.124999125925743115e+01 1.023164444454453736e+01
5.256000000000000227e+00 8.090526457071786082e-01 1.024999208462432421e+01 1.046922557493285488e+01
5.272000000000000242e+00 7.747292146352293685e-01 9.874992420427730622e+00 1.071887899258789290e+01
5.288000000000000256e+00 7.505531973858494688e-01 9.624992656954320935e+00 1.098292704281092647e+01
5.304000000000000270e+00 9.446506638175856674e-01 1.218749075799947512e+01 1.126307505204444759e+01
5.320000000000000284e+00 8.330412250351022507e-01 1.081249184993171575e+01 1.155988244329384962e+01
5.336000000000000298e+00 9.142087694374718687e-01 1.193749105582801562e+01 1.187259596050002841e+01
5.352000000000000313e+00 9.372979691636819100e-01 1.231249082993482347e+01 1.219924328394992585e+01
5.368000000000000327e+00 8.229394751911882633e-01 1.087499194876208719e+01 1.253664095294008085e+01
5.384000000000000341e+00 9.638011093831523324e-01 1.281249057064089669e+01 1.288094711383407187e+01
5.400000000000000355e+00 1.000161007017428272e+00 1.337499021491325557e+01 1.322828806997154771e+01
5.416000000000000369e+00 1.124350511048709977e+00 1.512498899990406365e+01 1.357526826414250998e+01
5.432000000000000384e+00 1.039218009582968172e+00 1.406248983279893849e+01 1.391968902061998392e+01
5.448000000000000398e+00 1.120364396724754963e+00 1.524998903890196722e+01 1.426053976611756902e+01
5.464000000000000412e+00 1.004257241443859527e+00 1.374999017483799157e+01 1.459811748998626157e+01
5.480000000000000426e+00 1.143623571561041441e+00 1.574998881134551532e+01 1.493363119072809653e+01
5.496000000000000441e+00 1.001620495128171751e+00 1.387499020063456889e+01 1.526853180967551182e+01
5.512000000000000455e+00 1.143840423568681430e+00 1.593748880922415267e+01 1.560379279398863517e+01
5.528000000000000469e+00 1.003437042066854579e+00 1.406249018286224839e+01 1.593947842421321859e+01
5.544000000000000483e+00 1.254826476836441662e+00 1.768748772339100128e+01 1.627446286792929087e+01
5.560000000000000497e+00 1.137401524324305191e+00 1.612498887221933330e+01 1.660633674422588513e+01
5.576000000000000512e+00 1.201015790857366428e+00 1.712498824984823287e+01 1.693183042544593420e+01
5.592000000000000526e+00 1.211585750708584097e+00 1.737498814643685918e+01 1.724751142316210917e+01
5.608000000000000540e+00 1.256682815142000198e+00 1.812498770522931224e+01 1.754998739532655705e+01
5.624000000000000554e+00 1.387423152918623614e+00 2.012498642612963096e+01 1.783650655464787249e+01
5.639999999999999680e+00 1.238178693366491778e+00 1.806248788626491475e+01 1.810493273795110269e+01
5.655999999999999694e+00 1.154500652041266617e+00 1.693748870492954950e+01 1.835365318969995485e+01
5.671999999999999709e+00 1.300497812406671061e+00 1.918748727656468844e+01 1.858094780497130571e+01
5.687999999999999723e+00 1.238431105121570175e+00 1.837498788379522807e+01 1.878484452768607227e+01
5.703999999999999737e+00 1.252436894715063476e+00 1.868748774676977575e+01 1.896281002099100377e+01
5.719999999999999751e+00 1.374565951187447288e+00 2.062498655191785701e+01 1.911166231352111566e+01
5.735999999999999766e+00 1.238501692069783333e+00 1.868748788310479014e+01 1.922813454871914018e+01
5.751999999999999780e+00 1.388148246882343617e+00 2.106248641903581742e+01 1.930946465199227191e+01
5.767999999999999794e+00 1.310820362827666008e+00 1.999998717557399530e+01 1.935415253733008001e+01
5.783999999999999808e+00 1.283209869225493405e+00 1.968748744570168085e+01 1.936255480600610568e+01
5.799999999999999822e+00 1.336908425109778475e+00 2.062498692034116132e+01 1.933733307997070128e+01
5.815999999999999837e+00 1.349707683755713150e+00 2.093748679511918098e+01 1.928318411955595124e+01
5.831999999999999851e+00 1.198063585334632641e+00 1.868748827873119822e+01 1.920658868571840472e+01
5.847999999999999865e+00 1.147681739675925794e+00 1.799998877164291144e+01 1.911472131503133198e+01
5.863999999999999879e+00 1.208803279279701437e+00 1.906248817365917958e+01 1.901455679159057155e+01
5.879999999999999893e+00 1.162816213685563316e+00 1.843748862357417551e+01 1.891167304359092682e+01
5.895999999999999908e+00 1.093787535351257389e+00 1.743748929891719612e+01 1.881001162930859039e+01
5.911999999999999922e+00 1.216548593676677559e+00 1.949998809788296228e+01 1.871123985934882583e+01
5.927999999999999936e+00 1.132426909225715761e+00 1.824998892088854419e+01 1.861518859018534044e+01
5.943999999999999950e+00 1.126338607214210530e+00 1.824998898045347318e+01 1.852045906625896166e+01
5.959999999999999964e+00 1.177848892791103275e+00 1.918748847650211431e+01 1.842504247494646563e+01
5.975999999999999979e+00 1.209711496610540227e+00 1.981248816477356200e+01 1.832751845015124914e+01
5.991999999999999993e+00 1.104569645845792980e+00 1.818748919342984394e+01 1.822725736720986944e+01
6.008000000000000007e+00 1.045836144777571031e+00 1.731248976805078499e+01 1.812499987963256132e+01
6.024000000000000021e+00 1.096621238251559216e+00 1.824998927119342085e+01 1.802288333055181369e+01
6.040000000000000036e+00 1.090819023049613534e+00 1.824998932795963569e+01 1.792400721058729829e+01
6.056000000000000050e+00 1.007027401810195233e+00 1.693749014773593231e+01 1.783196095608652954e+01
6.072000000000000064e+00 1.038691375756045199e+00 1.756248983795093821e+01 1.775042722401144601e+01
6.088000000000000078e+00 1.003822884907363377e+00 1.706249017908747945e+01 1.768238185717320476e+01
6.104000000000000092e+00 1.042460346987298614e+00 1.781248980107698543e+01 1.763008688271499480e+01
6.120000000000000107e+00 1.047932667511905613e+00 1.799998974753900072e+01 1.759466476185896511e+01
6.136000000000000121e+00 9.556018058023195705e-01 1.649999065085884453e+01 1.757611911750726463e+01
6.152000000000000135e+00 9.146286498090115957e-01 1.587499105172012470e+01 1.757375558137049154e+01
6.168000000000000149e+00 1.053179360849521906e+00 1.837498969620800793e+01 1.758618939872340547e+01
6.184000000000000163e+00 1.083373884429939205e+00 1.899998940079886722e+01 1.761176309834554488e+01
6.200000000000000178e+00 9.714286898974597850e-01 1.712499049601629864e+01 1.764870135324087030e+01
6.216000000000000192e+00 9.770156053972032240e-01 1.731249044135653747e+01 1.769546792920792910e+01
6.232000000000000206e+00 9.895505016279126931e-01 1.762499031872151534e+01 1.775053051513483382e+01
6.248000000000000220e+00 9.530690156393433199e-01 1.706249067563841848e+01 1.781251547950880365e+01
6.264000000000000234e+00 1.066298072392412699e+00 1.918748956786092208e+01 1.787999565679528402e+01
6.280000000000000249e+00 8.984580586910475564e-01 1.624999120992518442e+01 1.795152276063970476e+01
6.296000000000000263e+00 1.014229705663548309e+00 1.843749007727217304e+01 1.802555510452284437e+01
6.312000000000000277e+00 9.885704229627833017e-01 1.806249032830960743e+01 1.810079644240349950e+01
6.328000000000000291e+00 1.017611482535889733e+00 1.868749004418682702e+01 1.817608345558054594e+01
6.344000000000000306e+00 1.005712512365457334e+00 1.856249016059977919e+01 1.825066830672918528e+01
6.360000000000000320e+00 1.027612460769539604e+00 1.906248994634211869e+01 1.832423144147674421e+01
6.376000000000000334e+00 9.587672069887890336e-01 1.787499061989020177e+01 1.839709430086596598e+01
6.392000000000000348e+00 9.739868085386927943e-01 1.824999047098842553e+01 1.847009519329485272e+01
6.408000000000000362e+00 9.326207437235931597e-01 1.756249087569433343e+01 1.854428126642127594e+01
6.424000000000000377e+00 9.775171933794324364e-01 1.849999043644954355e+01 1.862094910135303749e+01
6.440000000000000391e+00 1.058102879910782335e+00 2.012498964803826951e+01 1.870118941660301104e+01
6.456000000000000405e+00 9.384229360916256368e-01 1.793749081892874386e+01 1.878587962782808063e+01
6.472000000000000419e+00 1.028143719823149338e+00 1.974998994114386619e+01 1.887545226487276651e+01
6.488000000000000433e+00 9.421391897668555115e-01 1.818749078257079077e+01 1.896982830904295270e+01
6.504000000000000448e+00 9.826130734083620144e-01 1.906249038659377959e+01 1.906833159155538482e+01
6.520000000000000462e+00 9.040608896908579606e-01 1.762499115510977177e+01 1.916984528008388367e+01
6.536000000000000476e+00 9.985366655317418072e-01 1.956249023080538763e+01 1.927301711593430511e+01
6.552000000000000490e+00 9.682685566083403250e-01 1.906249052693380008e+01 1.937637139826509269e+01
6.568000000000000504e+00 1.124676130031694532e+00 2.224998899671753705e+01 1.947871254896550397e+01
6.584000000000000519e+00 9.934618796097693938e-01 1.974999028045455773e+01 1.957939784559298602e+01
6.600000000000000533e+00 9.792650090181760358e-01 1.956249041934967536e+01 1.967826160012597825e+01
6.616000000000000547e+00 8.468796206970180540e-01 1.699999171454361502e+01 1.977603882859687801e+01
6.632000000000000561e+00 1.003921481833870866e+00 2.024999017812289992e+01 1.987373600727102030e+01
6.648000000000000576e+00 1.017596703818437032e+00 2.062499004433089667e+01 1.997288892163045304e+01
6.664000000000000590e+00 1.083299400525810752e+00 2.206248940152761762e+01 2.007494933424808536e+01
6.679999999999999716e+00 9.651124829201528366e-01 1.974999055781117363e+01 2.018134203395826987e+01
6.695999999999999730e+00 8.905955209211314783e-01 1.831249128684876837e+01 2.029316433398756203e+01
6.711999999999999744e+00 9.650072243370712011e-01 1.993749055884069321e+01 2.041129076722727831e+01
6.727999999999999758e+00 9.634336056366429313e-01 1.999999057423651649e+01 2.053620605974233726e+01
6.743999999999999773e+00 1.063743719518834396e+00 2.218748959285070299e+01 2.066851294567032227e+01
6.759999999999999787e+00 1.022926685261801305e+00 2.143748999218521334e+01 2.080891160723215449e+01
6.775999999999999801e+00 9.854510807407138584e-01 2.074999035882835230e+01 2.095841693566400821e+01
6.791999999999999815e+00 9.305912856251318255e-01 1.968749089554900777e+01 2.111839927117279103e+01
6.807999999999999829e+00 1.005612805111004704e+00 2.137499016157601162e+01 2.129045089435567562e+01
6.823999999999999844e+00 1.053581772113194814e+00 2.249998969227106116e+01 2.147600574551987762e+01
6.839999999999999858e+00 9.700091141500930547e-01 2.081249050990411931e+01 2.167600850568958748e+01
6.855999999999999872e+00 9.799837361784797807e-01 2.112499041231803787e+01 2.189043534785263390e+01
6.871999999999999886e+00 9.956268040867578550e-01 2.156249025927370155e+01 2.211795353596511404e+01
6.887999999999999901e+00 9.881342511310338139e-01 2.149999033257763514e+01 2.235599022974914618e+01
6.903999999999999915e+00 1.075053476617446213e+00 2.349998948220189732e+01 2.260075121927030395e+01
6.919999999999999929e+00 9.847085283262866362e-01 2.162499036609290926e+01 2.284786152727322772e+01
6.935999999999999943e+00 1.096318105215750016e+00 2.418748927415965966e+01 2.309276997154286093e+01
6.951999999999999957e+00 1.091277571102950317e+00 2.418748932347305214e+01 2.333158460129100575e+01
6.967999999999999972e+00 1.142409792841307725e+00 2.543748882322097060e+01 2.356143155422684288e+01
6.983999999999999986e+00 1.033801256257989465e+00 2.312498988579336867e+01 2.378094628869812155e+01
7.000000000000000000e+00 1.029080710797281917e+00 2.312498993197712949e+01 2.399017347207213291e+01
7.016000000000000014e+00 1.038235564981152992e+00 2.343748984241089417e+01 2.419021956928844475e+01
7.032000000000000028e+00 1.143758061416368488e+00 2.593748881002970208e+01 2.438300650172858397e+01
7.048000000000000043e+00 1.045290446638949655e+00 2.381248977338883321e+01 2.457068367876496850e+01
7.064000000000000057e+00 1.076065327240211200e+00 2.462498947230263724e+01 2.475508962039656424e+01
7.080000000000000071e+00 1.120145655179690225e+00 2.574998904104199937e+01 2.493738631486484536e+01
7.096000000000000085e+00 1.109686855966675711e+00 2.562498914336567069e+01 2.511764842644568319e+01
7.112000000000000099e+00 1.005007113125180984e+00 2.331249016750172487e+01 2.529457737099062342e+01
7.128000000000000114e+00 1.139980305614709089e+00 2.656248884698953461e+01 2.546535095882618194e+01
7.144000000000000128e+00 1.049429963129788090e+00 2.456248973289014259e+01 2.562596525056407870e+01
7.160000000000000142e+00 1.127154927918200267e+00 2.649998897246689822e+01 2.577154193615693600e+01
7.176000000000000156e+00 1.103608401094646307e+00 2.606248920283458403e+01 2.589711105170824368e+01
7.192000000000000171e+00 1.109242605098159418e+00 2.631248914771179059e+01 2.599830169518050837e+01
7.208000000000000185e+00 1.130554541064421770e+00 2.693748893920707843e+01 2.607239684410477665e+01
7.224000000000000199e+00 1.175170401357863215e+00 2.812498850270708317e+01 2.611895015197722358e+01
7.240000000000000213e+00 1.136182538947674514e+00 2.731248888414518561e+01 2.614014762157833616e+01
7.256000000000000227e+00 1.100115259715925164e+00 2.656248923700927378e+01 2.614082843436278125e+01
7.272000000000000242e+00 1.043737026822008085e+00 2.531248978858713627e+01 2.612776154744935297e+01
7.288000000000000256e+00 1.036593414914848355e+00 2.524998985847648569e+01 2.610882601308794193e+01
7.304000000000000270e+00 1.003956348935440612e+00 2.456249017778201349e+01 2.609208071617357305e+01
7.320000000000000284e+00 1.119113988562961293e+00 2.749998905113536907e+01 2.608471973257820764e+01
7.336000000000000298e+00 9.901521225094284118e-01 2.443749031283540418e+01 2.609218075220382005e+01
7.352000000000000313e+00 1.028710038341821065e+00 2.549998993560384264e+01 2.611778417467946056e+01
7.368000000000000327e+00 1.117132248312705300e+00 2.781248907052335895e+01 2.616263212596599175e+01
7.384000000000000341e+00 1.002316337983263361e+00 2.506249019382667598e+01 2.622582774708300946e+01
7.400000000000000355e+00 1.020385388165627516e+00 2.562499001704799895e+01 2.630460712889589558e+01
7.416000000000000369e+00 1.018465199627208939e+00 2.568749003583438650e+01 2.639463800531303406e+01
7.432000000000000384e+00 1.090572852124817693e+00 2.762498933036753002e+01 2.649075226546487372e+01
7.448000000000000398e+00 1.009732422710970079e+00 2.568749012127183207e+01 2.658698615346716565e+01
7.464000000000000412e+00 1.078795545555723434e+00 2.756248944559086667e+01 2.667715834429611732e+01
7.480000000000000426e+00 1.049827371557309430e+00 2.693748972900207406e+01 2.675540660023682094e+01
7.496000000000000441e+00 1.059902945762486670e+00 2.731248963042729017e+01 2.681630181664834467e+01
7.512000000000000455e+00 1.043317295619435425e+00 2.699998979269303589e+01 2.685565958669972630e+01
7.528000000000000469e+00 1.058125729862141151e+00 2.749998964781509869e+01 2.687067307793743254e+01
7.544000000000000483e+00 1.041668946699756626e+00 2.718748980881975896e+01 2.686055582930782393e+01
7.560000000000000497e+00 1.034879917477858458e+00 2.712498987524053717e+01 2.682658503277169615e+01
7.576000000000000512e+00 1.040011160860252915e+00 2.737498982503932154e+01 2.677223681872201766e+01
7.592000000000000526e+00 1.104201426444043177e+00 2.918748919703246614e+01 2.670287896204928302e+01
7.608000000000000540e+00 9.394544125596744344e-01 2.493749080883685210e+01 2.662529749454095196e+01
7.624000000000000554e+00 9.542726072559593042e-01 2.543749066386355651e+01 2.654695842076948153e+01
7.640000000000000568e+00 9.899721190354106026e-01 2.649999031459621079e+01 2.647490085940071580e+01
7.656000000000000583e+00 1.018389905286768204e+00 2.737499003657034535e+01 2.641492534805582082e+01
7.672000000000000597e+00 9.354229099253468238e-01 2.524999084827943463e+01 2.637110702561377451e+01
7.687999999999999723e+00 8.854179071922453348e-01 2.399999133750404923e+01 2.634495468824932729e+01
7.703999999999999737e+00 9.001136454839497869e-01 2.449999119372737511e+01 2.633563890517984873e+01
7.719999999999999751e+00 1.061028885418997980e+00 2.899998961941217956e+01 2.634065378354011955e+01
7.735999999999999766e+00 9.541681787424632910e-01 2.618749066488503630e+01 2.635608316921285876e+01
7.751999999999999780e+00 1.020537139822873973e+00 2.812499001556308897e+01 2.637793363617937104e+01
7.767999999999999794e+00 9.169621915666963385e-01 2.537499102888948244e+01 2.640277820887255444e+01
7.783999999999999808e+00 9.401874661187817894e-01 2.612499080166503518e+01 2.642840524783447620e+01
7.799999999999999822e+00 9.632146531276289947e-01 2.687499057637924338e+01 2.645406364798259702e+01
7.815999999999999837e+00 9.369664064341499676e-01 2.624999083317825210e+01 2.648053968400841285e+01
7.831999999999999851e+00 9.664685611848948810e-01 2.718749054454372072e+01 2.651001869196382188e+01
7.847999999999999865e+00 8.939376087055389553e-01 2.524999125415089196e+01 2.654541006110254742e+01
7.863999999999999879e+00 9.520079392886893199e-01 2.699999068601950825e+01 2.659002930667020337e+01
7.879999999999999893e+00 9.503406254675605958e-01 2.706249070233167231e+01 2.664702641280754136e+01
7.895999999999999908e+00 9.180764459388780496e-01 2.624999101798823631e+01 2.671901610426705176e+01
7.911999999999999922e+00 8.882422783220036422e-01 2.549999130987185580e+01 2.680772839373923233e+01
7.927999999999999936e+00 8.824923751605620037e-01 2.543749136612592210e+01 2.691385575782928186e+01
7.943999999999999950e+00 1.006355169298057461e+00 2.912499015431227178e+01 2.703713571337465993e+01
7.959999999999999964e+00 9.377869618972426435e-01 2.724999082515070370e+01 2.717615419413028022e+01
7.975999999999999979e+00 8.569066988633424753e-01 2.499999161644335643e+01 2.732892085888676448e+01
7.991999999999999993e+00 9.302921935455209512e-01 2.724999089847731071e+01 2.749321700222045450e+01
8.007999999999999119e+00 1.005210115260417147e+00 2.956249016551587872e+01 2.766635189278266438e+01
8.023999999999999133e+00 9.313537668761945332e-01 2.749999088808926473e+01 2.784567730155897891e+01
8.039999999999999147e+00 9.866828852463805921e-01 2.924999034677736631e+01 2.802850500839841530e+01
8.055999999999999162e+00 9.029701224604498311e-01 2.687499116578035796e+01 2.821208071073309043e+01
8.071999999999999176e+00 9.014856218188338488e-01 2.693749118030530454e+01 2.839362602863599960e+01
8.087999999999999190e+00 9.729229246013586518e-01 2.918749048139813951e+01 2.856998062800325044e+01
8.103999999999999204e+00 9.670098409192607880e-01 2.912499053924735648e+01 2.873806716846965514e+01
8.119999999999999218e+00 1.002474934414074426e+00 3.031249019227492880e+01 2.889483229126896191e+01
8.135999999999999233e+00 9.017706030327302669e-01 2.737499117751770328e+01 2.903795977432947240e+01
8.151999999999999247e+00 1.015127750850401966e+00 3.093749006848564420e+01 2.916615196189846415e+01
8.167999999999999261e+00 9.805136030925352131e-01 2.999999040713466414e+01 2.927960926471540049e+01
8.183999999999999275e+00 9.827877484396178032e-01 3.018749038488356007e+01 2.938025234531179919e+01
8.199999999999999289e+00 9.323392591611442404e-01 2.874999087844827272e+01 2.947171751050141353e+01
8.215999999999999304e+00 9.367872365680578461e-01 2.899999083493180763e+01 2.955904546308936887e+01
8.231999999999999318e+00 9.472269148497610702e-01 2.943749073279457562e+01 2.964840106843863055e+01
8.247999999999999332e+00 9.716017328931098040e-01 3.031249049432283371e+01 2.974596353334252541e+01
8.263999999999999346e+00 9.818119933600232274e-01 3.074999039443138571e+01 2.985745964452560131e+01
8.279999999999999361e+00 9.044708420171835295e-01 2.843749115110022530e+01 2.998747998737484721e+01
8.295999999999999375e+00 8.336590273144541818e-01 2.631249184388647322e+01 3.013856235256286453e+01
8.311999999999999389e+00 1.047435528177287134e+00 3.318748975240259824e+01 3.031116266172354301e+01
8.327999999999999403e+00 9.490946974412516335e-01 3.018749071452140953e+01 3.050336090538735689e+01
8.343999999999999417e+00 9.337134998495962845e-01 2.981249086500279333e+01 3.071128453611923348e+01
8.359999999999999432e+00 9.301428980912820332e-01 2.981249089993723800e+01 3.092983723269502150e+01
8.375999999999999446e+00 9.673861296870721604e-01 3.112499053556611628e+01 3.115344698727637507e+01
8.391999999999999460e+00 9.927279878047620132e-01 3.206249028763441800e+01 3.137716917133184324e+01
8.407999999999999474e+00 1.019797910506754279e+00 3.306249002279522387e+01 3.159730843080821217e+01
8.423999999999999488e+00 1.029370992245547844e+00 3.349998992913669582e+01 3.181190888756372104e+01
8.439999999999999503e+00 9.795552137266706483e-01 3.199999041651098963e+01 3.202100308092958869e+01
8.455999999999999517e+00 9.796637168654943606e-01 3.212499041544847245e+01 3.222592073973753202e+01
8.471999999999999531e+00 9.322952074506880571e-01 3.068749087888005178e+01 3.242887989719316977e+01
8.487999999999999545e+00 9.647244569652088098e-01 3.187499056160636357e+01 3.263209429586189714e+01
8.503999999999999559e+00 9.497906460711124099e-01 3.149999070771295351e+01 3.283723052122332575e+01
8.519999999999999574e+00 1.034466103251046487e+00 3.443748987928917416e+01 3.304511629242430359e+01
8.535999999999999588e+00 9.632572177809558545e-01 3.218749057596069463e+01 3.325560967996936057e+01
8.551999999999999602e+00 1.093821795858141988e+00 3.668748929858256957e+01 3.346794309062962469e+01
8.567999999999999616e+00 1.008056259221675077e+00 3.393749013767049405e+01 3.368086528302804084e+01
8.583999999999999631e+00 9.303201429820011636e-01 3.143749089820263265e+01 3.389300035876119921e+01
8.599999999999999645e+00 1.076117768077405890e+00 3.649998947178891484e+01 3.410282280710286784e+01
8.615999999999999659e+00 9.179150315328291621e-01 3.124999101956749570e+01 3.430854802343708343e+01
8.631999999999999673e+00 9.876765781342589090e-01 3.374999033705493900e+01 3.450807421298222266e+01
8.647999999999999687e+00 1.082427810822673919e+00 3.712498941005452480e+01 3.469872403041127029e+01
8.663999999999999702e+00 1.043938265420248035e+00 3.593748978661808025e+01 3.487808897995247293e+01
8.679999999999999716e+00 9.822097460123635493e-01 3.393749039054046790e+01 3.504373295372084129e+01
8.695999999999999730e+00 1.005631797685522688e+00 3.487499016138924190e+01 3.519417785534123055e+01
8.711999999999999744e+00 1.023488537011532307e+00 3.562498998668862527e+01 3.532963196810740669e+01
8.727999999999999758e+00 1.076988032225475678e+00 3.762498946327572469e+01 3.545218765441339315e+01
8.743999999999999773e+00 1.028488350655943018e+00 3.606248993777192879e+01 3.556594005825277094e+01
8.759999999999999787e+00 1.046046388911058500e+00 3.681248976599292888e+01 3.567667262364024339e+01
8.775999999999999801e+00 9.838421505409999934e-01 3.474999037456919382e+01 3.579119451965742371e+01
8.791999999999999815e+00 9.308987061904807625e-01 3.299999089254144025e+01 3.591612049528041695e+01
8.807999999999999829e+00 1.024136409655223234e+00 3.643748998035101749e+01 3.605704680489569114e+01
8.823999999999999844e+00 9.644161265532850136e-01 3.443749056462260683e+01 3.621759756104457750e+01
8.839999999999999858e+00 1.032431011179978153e+00 3.699998989919902925e+01 3.639881225158123357e+01
8.855999999999999872e+00 1.004376372089987424e+00 3.612499017367292709e+01 3.659915714737263670e+01
8.871999999999999886e+00 1.059625060623466064e+00 3.824998963314568101e+01 3.681472449405967495e+01
8.887999999999999901e+00 1.005783087250585739e+00 3.643749015991051721e+01 3.703969791063271799e+01
8.903999999999999915e+00 1.005609643426910393e+00 3.656249016160550980e+01 3.726724590470941223e+01
8.919999999999999929e+00 1.025984925948973059e+00 3.743748996226521797e+01 3.749037512598940225e+01
8.935999999999999943e+00 1.010367233165183620e+00 3.699999011506052682e+01 3.770263716472692295e+01
8.951999999999999957e+00 1.084986660981382522e+00 3.987498938502120183e+01 3.789928462150201227e+01
8.967999999999999972e+00 1.042144124244829273e+00 3.843748980417129957e+01 3.807743009898383235e+01
8.983999999999999986e+00 1.089090817054523486e+00 4.031248934486642810e+01 3.823687176541317001e+01
9.000000000000000000e+00 1.059984217762699243e+00 3.937498962963229587e+01 3.837983188774919796e+01
9.016000000000000014e+00 9.640152573726712415e-01 3.593749056854578328e+01 3.851050652738314284e+01
9.032000000000000028e+00 1.037451042957584058e+00 3.881248985008613062e+01 3.863441124930921688e+01
9.048000000000000043e+00 1.058755797637983331e+00 3.974998964165116888e+01 3.875759697022894557e+01
9.064000000000000057e+00 1.026820960612327971e+00 3.868748995408420654e+01 3.888546995706619924e+01
9.080000000000000071e+00 9.802274648981421645e-01 3.706249040993386501e+01 3.902175923434772642e+01
9.096000000000000085e+00 1.027844833432776106e+00 3.899998994406841035e+01 3.916794294183205238e+01
9.112000000000000099e+00 1.022596956404909774e+00 3.893748999541077893e+01 3.932292620886416046e+01
9.128000000000000114e+00 1.020650842795953306e+00 3.899999001445046076e+01 3.948303231629201093e+01
9.144000000000000128e+00 1.083909649417263976e+00 4.156248939555715083e+01 3.964267427560806567e+01
9.160000000000000142e+00 1.005410864967645868e+00 3.868749016355102555e+01 3.979529529188447157e+01
9.176000000000000156e+00 1.043991055134528390e+00 4.031248978610263123e+01 3.993411769343648388e+01
9.192000000000000171e+00 1.025843137395953786e+00 3.974998996365221160e+01 4.005356876674844813e+01
9.208000000000000185e+00 1.104256563736638386e+00 4.293748919649289775e+01 4.014993510896746898e+01
9.224000000000000199e+00 1.017135964623725686e+00 3.968749004883778753e+01 4.022227644181619155e+01
9.239999999999998437e+00 1.063100105057419142e+00 4.162498959914778851e+01 4.027247863053280241e+01
9.255999999999998451e+00 1.068972310545066362e+00 4.199998954169790011e+01 4.030536530333537826e+01
9.271999999999998465e+00 9.891943311604470823e-01 3.899999032220541295e+01 4.032795804712466037e+01
9.287999999999998479e+00 9.573529638817301901e-01 3.787499063372788299e+01 4.034842231219314357e+01
9.303999999999998494e+00 1.034355533033963104e+00 4.106248988036924885e+01 4.037536111062016886e+01
9.319999999999998508e+00 1.052772596141060557e+00 4.193748970018706501e+01 4.041613461441880872e+01
9.335999999999998522e+00 1.008513939006892457e+00 4.031249013319251873e+01 4.047621000864921825e+01
9.351999999999998536e+00 9.380616293704735487e-01 3.762499082246292659e+01 4.055848067253687361e+01
9.367999999999998550e+00 9.519422174658696001e-01 3.831249068666260627e+01 4.066301832380223402e+01
9.383999999999998565e+00 1.038461498789513326e+00 4.193748984020101744e+01 4.078761222292883559e+01
9.399999999999998579e+00 9.979124742028359085e-01 4.043749023691151478e+01 4.092822990925129290e+01
9.415999999999998593e+00 1.046786445822309730e+00 4.256248975875233498e+01 4.107995323850426672e+01
9.431999999999998607e+00 1.058557227946996360e+00 4.318748964359392062e+01 4.123774388529149348e+01
9.447999999999998622e+00 9.984857201293740880e-01 4.087499023130321518e+01 4.139728391674118768e+01
9.463999999999998636e+00 1.001198775519981599e+00 4.112499020476026601e+01 4.155509565691812668e+01
9.479999999999998650e+00 9.947891605746265187e-01 4.099999026746920805e+01 4.170859006004106817e+01
9.495999999999998664e+00 9.884170232628263220e-01 4.087499032981050817e+01 4.185583482933287769e+01
9.511999999999998678e+00 1.018232355618124307e+00 4.224999003811250731e+01 4.199520186540542710e+01
9.527999999999998693e+00 1.037333566517425920e+00 4.318748985123527007e+01 4.212502150254519506e+01
9.543999999999998707e+00 1.035354592603276558e+00 4.324998987059637301e+01 4.224371228326863559e+01
9.559999999999998721e+00 9.901390211566700739e-01 4.149999031296336227e+01 4.234964771972229869e+01
9.575999999999998735e+00 1.023987909716800315e+00 4.306248998180241472e+01 4.244125902319495935e+01
9.591999999999998749e+00 1.033905783244413845e+00 4.362498988477096873e+01 4.251754365915871148e+01
9.607999999999998764e+00 9.566496117180525172e-01 4.049999064060683907e+01 4.257821284690741948e+01
9.623999999999998778e+00 1.028513105457955046e+00 4.368748993753101217e+01 4.262376760283778765e+01
9.639999999999998792e+00 1.045633154461026448e+00 4.456248977003513545e+01 4.265543187082692356e+01
9.655999999999998806e+00 9.983206925646822549e-01 4.268749023291784539e+01 4.267565670538902367e+01
9.671999999999998820e+00 9.673405368796429427e-01 4.149999053601332832e+01 4.268752421443642930e+01
9.687999999999998835e+00 9.815723581433939415e-01 4.224999039677597779e+01 4.269457938942280606e+01
9.703999999999998849e+00 1.007283101988571739e+00 4.349999014523348961e+01 4.270077417866495750e+01
9.719999999999998863e+00 9.924297924175571328e-01 4.299999029055108934e+01 4.271011934521323639e+01
9.735999999999998877e+00 9.877328362685420249e-01 4.293749033650509261e+01 4.272663928086580398e+01
9.751999999999998892e+00 9.558336904843802717e-01 4.168749064858998565e+01 4.275399440006891183e+01
9.767999999999998906e+00 9.541332846721023442e-01 4.174999066522634905e+01 4.279560108411934038e+01
9.783999999999998920e+00 9.624046084725490502e-01 4.224999058430326215e+01 4.285472403766613780e+01
9.799999999999998934e+00 1.000416513818716879e+00 4.406249021241403341e+01 4.293436110806765527e+01
9.815999999999998948e+00 9.533111745936677650e-01 4.212499067326833568e+01 4.303730227942494935e+01
9.831999999999998963e+00 1.016471981332615071e+00 4.506249005533476293e+01 4.316607982754695172e+01
9.847999999999998977e+00 9.148055611588934433e-01 4.068749104999032085e+01 4.332236435798814256e+01
9.863999999999998991e+00 9.902780989081453322e-01 4.418749031160190555e+01 4.350646176975863710e+01
9.879999999999999005e+00 9.577543087661207766e-01 4.287499062980006670e+01 4.371697313019411979e+01
9.895999999999999019e+00 9.421350991450846424e-01 4.231249078261110697e+01 4.395009266271087256e+01
9.911999999999999034e+00 9.377088130889870143e-01 4.224999082591514110e+01 4.419944167154203285e+01
9.927999999999999048e+00 9.803171198875930692e-01 4.431249040905473890e+01 4.445670292203243434e+01
9.943999999999999062e+00 1.059858769702246128e+00 4.806248963085988635e+01 4.471207145257837823e+01
9.959999999999999076e+00 9.616637655914939131e-01 4.374999059155157255e+01 4.495535670157895680e+01
9.975999999999999091e+00 1.017465805490752162e+00 4.643749004561155402e+01 4.517747927904047600e+01
9.991999999999999105e+00 1.041510319249046690e+00 4.768748981037177259e+01 4.537171870175060207e+01
1.000799999999999912e+01 9.783138173030397899e-01 4.493749042865560028e+01 4.553437468840233748e+01
1.002399999999999913e+01 1.002319577285521346e+00 4.618749019379522736e+01 4.566527487771587346e+01
1.003999999999999915e+01 1.000479478718732107e+00 4.624999021179713310e+01 4.576796173815343138e+01
1.005599999999999916e+01 9.999937074187206232e-01 4.637499021655019504e+01 4.584859045766702934e+01
1.007199999999999918e+01 1.015627034945463247e+00 4.724999006359976050e+01 4.591548029325508651e+01
1.008799999999999919e+01 9.628588689444197435e-01 4.493749057986060080e+01 4.597765121292895429e+01
1.010399999999999920e+01 9.571419975990355100e-01 4.481249063579147673e+01 4.604382069261539101e+01
1.011999999999999922e+01 9.700863544483910861e-01 4.556249050914801302e+01 4.612135192580261389e+01
1.013599999999999923e+01 9.312103644230947941e-01 4.387499088949177661e+01 4.621566119113310833e+01
1.015199999999999925e+01 1.001005708777985781e+00 4.731249020665048022e+01 4.632936147418612904e+01
1.016799999999999926e+01 1.029494076283318016e+00 4.881248992793229036e+01 4.646275790920863358e+01
1.018399999999999928e+01 9.395354126674322348e-01 4.468749080804433760e+01 4.661380929559034314e+01
1.019999999999999929e+01 9.680281544913119651e-01 4.618749052928577470e+01 4.677836897002961081e+01
1.021599999999999930e+01 9.741390498335890102e-01 4.662499046949827175e+01 4.695153607578874499e+01
1.023199999999999932e+01 9.372497383439587493e-01 4.499999083040807335e+01 4.712775366503008456e+01
1.024799999999999933e+01 1.013483529116176562e+00 4.881249008457054117e+01 4.730211768503624370e+01
1.026399999999999935e+01 1.031024367354265836e+00 4.981248991296280337e+01 4.747102365056257867e+01
1.027999999999999936e+01 1.029107059070718755e+00 4.987498993171973893e+01 4.763284744112567637e+01
1.029599999999999937e+01 9.487749057857868262e-01 4.612499071764939629e+01 4.778816765310829595e+01
1.031199999999999939e+01 9.727469167679899664e-01 4.743749048311817518e+01 4.793916296422411705e+01
1.032799999999999940e+01 9.825118052296781812e-01 4.806249038758475223e+01 4.808977233016962316e+01
1.034399999999999942e+01 9.399900019976716870e-01 4.612499080359678771e+01 4.824430674445329714e+01
1.035999999999999943e+01 1.048828386573159799e+00 5.162498973877472963e+01 4.840689115615749927e+01
1.037599999999999945e+01 9.417961401316939929e-01 4.649999078592779256e+01 4.858089215344137557e+01
1.039199999999999946e+01 9.729712306171159897e-01 4.818749048092580978e+01 4.876819388061991134e+01
1.040799999999999947e+01 9.536269936786121448e-01 4.737499067017823506e+01 4.896936979495079356e+01
1.042399999999999949e+01 9.808031347794332611e-01 4.887499040430232355e+01 4.918354490337476648e+01
1.043999999999999950e+01 9.953045014601608065e-01 4.974999026242609546e+01 4.940869955787110257e+01
1.045599999999999952e+01 1.108190722253494354e+00 5.556248915800271249e+01 4.964206143527495385e+01
1.047199999999999953e+01 9.221223248873857692e-01 4.637499097840554185e+01 4.987998411068343074e+01
1.048799999999999955e+01 9.676305582502382485e-01 4.881249053317577591e+01 5.011818419658420964e+01
1.050399999999999956e+01 9.659201496185439995e-01 4.887499054991023684e+01 5.035219171923930048e+01
1.051999999999999957e+01 9.457440975967426056e-01 4.799999074730157389e+01 5.057728236517336029e+01
1.053599999999999959e+01 1.070554694924162442e+00 5.449998952621432835e+01 5.078898486371942056e+01
1.055199999999999960e+01 1.052622831830154704e+00 5.374998970165206913e+01 5.098383777688068363e+01
1.056799999999999962e+01 1.027472914602028498e+00 5.262498994770781024e+01 5.115972720727593526e+01
1.058399999999999963e+01 9.805715296506321010e-01 5.037499040656716431e+01 5.131630418723364784e+01
1.059999999999999964e+01 9.885298287160161346e-01 5.093749032870633187e+01 5.145483555231886186e+01
1.061599999999999966e+01 1.002482064788060345e+00 5.181249019220602037e+01 5.157829699745037999e+01
1.063199999999999967e+01 9.524475221885918552e-01 4.937499068171904781e+01 5.169044843600644867e+01
1.064799999999999969e+01 1.044546053729122459e+00 5.431248978067164757e+01 5.179542119644900566e+01
1.066399999999999970e+01 9.826921367577233779e-01 5.124999038581992750e+01 5.189730106648337227e+01
1.067999999999999972e+01 9.749706788988201644e-01 5.099999046136279190e+01 5.199962090212144261e+01
1.069599999999999973e+01 1.019705772999729643e+00 5.349999002369646206e+01 5.210544677031585792e+01
1.071199999999999974e+01 9.750927586132678293e-01 5.131249046017067172e+01 5.221770452374967419e+01
1.072799999999999976e+01 1.014815739979718412e+00 5.356249007153635233e+01 5.233868920411401859e+01
1.074399999999999977e+01 9.681123395135354803e-01 5.124999052846217751e+01 5.247094490913029574e+01
1.075999999999999979e+01 9.511099410039940416e-01 5.049999069480580971e+01 5.261659023389816525e+01
1.077599999999999980e+01 1.036309408855586200e+00 5.518748986125432765e+01 5.277747240626985104e+01
1.079199999999999982e+01 9.981344865192973703e-01 5.331249023473988302e+01 5.295453158889134215e+01
1.080799999999999983e+01 9.566808569914716509e-01 5.124999064030069462e+01 5.314734239266842053e+01
1.082399999999999984e+01 1.002710591637801851e+00 5.387499018997137057e+01 5.335347178643302612e+01
1.083999999999999986e+01 9.649585663574478112e-01 5.199999055931557024e+01 5.356863112113038738e+01
1.085599999999999987e+01 9.713673931721806820e-01 5.249999049661593631e+01 5.378661374907304094e+01
1.087199999999999989e+01 9.961821589511928865e-01 5.399999025384175155e+01 5.400023896399615353e+01
1.088799999999999990e+01 9.967053232971079257e-01 5.418749024872269615e+01 5.420241044912739881e+01
1.090399999999999991e+01 1.090065855277276397e+00 5.943748933532593526e+01 5.438695327935425894e+01
1.091999999999999993e+01 9.840151385571429543e-01 5.381249037287841475e+01 5.455004005624582675e+01
1.093599999999999994e+01 1.026719222915078999e+00 5.631248995508004640e+01 5.469060495076912076e+01
1.095199999999999996e+01 9.771370632990282745e-01 5.374999044016751526e+01 5.481067473061142437e+01
1.096799999999999997e+01 9.958132426065990916e-01 5.493749025744882175e+01 5.491479516822903406e+01
1.098399999999999999e+01 1.020024511035545034e+00 5.643749002057986530e+01 5.500895162654677506e+01
1.100000000000000000e+01 9.461016982275159970e-01 5.249999074380257724e+01 5.509986992897740521e+01
1.101600000000000001e+01 9.703084075663973573e-01 5.399999050697623915e+01 5.519301151297680263e+01
1.103200000000000003e+01 1.014526973135250199e+00 5.662499007436380793e+01 5.529264699461850086e+01
1.104800000000000004e+01 9.691618292725570072e-01 5.424999051819264650e+01 5.540135422313795743e+01
1.106400000000000006e+01 1.014233497198751888e+00 5.693749007723629063e+01 5.551999619420278975e+01
1.108000000000000007e+01 9.646819732366006539e-01 5.431249056202279490e+01 5.564869991754416390e+01
1.109600000000000009e+01 9.685433519677639769e-01 5.468749052424585955e+01 5.578714151233499052e+01
1.111200000000000010e+01 1.039705509041251030e+00 5.887498982802897274e+01 5.593549401256443332e+01
1.112800000000000011e+01 9.596793700505819036e-01 5.449999061096676201e+01 5.609463146151484381e+01
1.114400000000000013e+01 1.017282176839421792e+00 5.793749004740600839e+01 5.626577369496806114e+01
1.116000000000000014e+01 1.014367330192376127e+00 5.793749007592708011e+01 5.644999809861839424e+01
1.117600000000000016e+01 9.121733922912592663e-01 5.224999107573994905e+01 5.664795522190546961e+01
1.119200000000000017e+01 9.530871453493480194e-01 5.474999067546130505e+01 5.685890313171019272e+01
1.120800000000000018e+01 9.948486162540950417e-01 5.731249026688711012e+01 5.708082579581571991e+01
1.122400000000000020e+01 9.855234674773066805e-01 5.693749035811955395e+01 5.731044264941172628e+01
1.124000000000000021e+01 1.033419842587014914e+00 5.987498988952467016e+01 5.754379881446905642e+01
1.125600000000000023e+01 1.028332669163183111e+00 5.974998993929508373e+01 5.777730652680448742e+01
1.127199999999999847e+01 1.012544092118538019e+00 5.899999009376509918e+01 5.800769623896411531e+01
1.128799999999999848e+01 9.690319720796981562e-01 5.662499051946447537e+01 5.823322392445879103e+01
1.130399999999999849e+01 9.577583552150955581e-01 5.612499062976037578e+01 5.845292031713659497e+01
1.131999999999999851e+01 1.059279079777408983e+00 6.224998963652943473e+01 5.866682276982218980e+01
1.133599999999999852e+01 9.608430075639574630e-01 5.662499059958270209e+01 5.887503649275286222e+01
1.135199999999999854e+01 9.750571406255207352e-01 5.762499046051505047e+01 5.907762970246331946e+01
1.136799999999999855e+01 1.011333488804039060e+00 5.993749010560796364e+01 5.927421145845136863e+01
1.138399999999999856e+01 1.017957143844903323e+00 6.049999004080414977e+01 5.946436726413156038e+01
1.139999999999999858e+01 1.037123560925535370e+00 6.181248985329042966e+01 5.964763764741117313e+01
1.141599999999999859e+01 9.756580569680599613e-01 5.831249045464003444e+01 5.982430272019104223e+01
1.143199999999999861e+01 1.003170037923204472e+00 6.012499018547329399e+01 5.999524618158540790e+01
1.144799999999999862e+01 1.007647073025868201e+00 6.056249014167148204e+01 6.016217034922003393e+01
1.146399999999999864e+01 1.018317120366869721e+00 6.137499003728255786e+01 6.032718961827951176e+01
1.147999999999999865e+01 9.813554729799816023e-01 5.931249039889895158e+01 6.049230921022313368e+01
1.149599999999999866e+01 9.920315274096509484e-01 6.012499029444717280e+01 6.065862323352111218e+01
1.151199999999999868e+01 9.759072929975811661e-01 5.931249045220072702e+01 6.082611461306574085e+01
1.152799999999999869e+01 1.012169229065966958e+00 6.168749009742941780e+01 6.099296622774457433e+01
1.154399999999999871e+01 1.000161497819086920e+00 6.112499021490944529e+01 6.115635419632967995e+01
1.155999999999999872e+01 1.000454294368182229e+00 6.131249021204285299e+01 6.131280308913750332e+01
1.157599999999999874e+01 1.031252068068640115e+00 6.337498991073497479e+01 6.145915723353975579e+01
1.159199999999999875e+01 9.858104871396666802e-01 6.074999035531140379e+01 6.159368830653087201e+01
1.160799999999999876e+01 1.024562746231856725e+00 6.331248997617878871e+01 6.171653066368010343e+01
1.162399999999999878e+01 9.854333940601909259e-01 6.106249035899974587e+01 6.183081363561031196e+01
1.163999999999999879e+01 1.038048514148936174e+00 6.449998984423984894e+01 6.194177424806191112e+01
1.165599999999999881e+01 9.549525341047045979e-01 5.949999065721124225e+01 6.205657130910584840e+01
1.167199999999999882e+01 1.018359537315748797e+00 6.362499003686695431e+01 6.218328887104628677e+01
1.168799999999999883e+01 9.766662963940138109e-01 6.118749044477653598e+01 6.232883336996000168e+01
1.170399999999999885e+01 9.670335773261039547e-01 6.074999053901537138e+01 6.249798714641702446e+01
1.171999999999999886e+01 9.624106634330099608e-01 6.062499058424295129e+01 6.269206846550659407e+01
1.173599999999999888e+01 9.874935217447935454e-01 6.237499033884600408e+01 6.290835418651580824e+01
1.175199999999999889e+01 1.000594946623091230e+00 6.337499021066754068e+01 6.314022667996094640e+01
1.176799999999999891e+01 1.027398897104731645e+00 6.524998994843035405e+01 6.337792964323576683e+01
1.178399999999999892e+01 9.470780293445152376e-01 6.031249073425234997e+01 6.361032533638758935e+01
1.179999999999999893e+01 1.047282096846902544e+00 6.687498975390238343e+01 6.382665140501997314e+01
1.181599999999999895e+01 1.005402999577653889e+00 6.437499016362703230e+01 6.401867224792366073e+01
1.183199999999999896e+01 1.038704502378955397e+00 6.668748983782370487e+01 6.418216614720381585e+01
1.184799999999999898e+01 1.020367322680618472e+00 6.568749001722591174e+01 6.431775992586301527e+01
1.186399999999999899e+01 1.016648771189403666e+00 6.562499005360454873e+01 6.443117742998501285e+01
1.187999999999999901e+01 9.752869423669071614e-01 6.312499045826896094e+01 6.453200019845699842e+01
1.189599999999999902e+01 9.880737625561183402e-01 6.412499033316950658e+01 6.463232838079292719e+01
1.191199999999999903e+01 1.019997400195210346e+00 6.637499002084499011e+01 6.474438724131636036e+01
1.192799999999999905e+01 9.080651200456041350e-01 5.924999111593437817e+01 6.487872300770354173e+01
1.194399999999999906e+01 1.004986130636943642e+00 6.574999016770316018e+01 6.504243506010571707e+01
1.195999999999999908e+01 9.689525538106943392e-01 6.356249052024345758e+01 6.523880850513673124e+01
1.197599999999999909e+01 9.711162902805045016e-01 6.387499049907147253e+01 6.546675662141628038e+01
1.199199999999999910e+01 1.007381435640027911e+00 6.643749014427011446e+01 6.572248782834131475e+01
1.200799999999999912e+01 1.023601743044604051e+00 6.768748998558223207e+01 6.600001584315617720e+01
1.202399999999999913e+01 1.030305802171773477e+00 6.831248991999461850e+01 6.629314888141522033e+01
1.203999999999999915e+01 9.965447610747114604e-01 6.624999025028907340e+01 6.659575527236114567e+01
1.205599999999999916e+01 9.929637649852371961e-01 6.618749028532994316e+01 6.690262353009568130e+01
1.207199999999999918e+01 9.837872858174454560e-01 6.574999037510360722e+01 6.720927676675199791e+01
1.208799999999999919e+01 1.005434486841116470e+00 6.737499016332218105e+01 6.751148395503754784e+01
1.210399999999999920e+01 1.016731435897886504e+00 6.831249005279619269e+01 6.780520834831723676e+01
1.211999999999999922e+01 9.954934390480084661e-01 6.706249026057852802e+01 6.808612182530656298e+01
1.213599999999999923e+01 1.002123487245890843e+00 6.768749019571363590e+01 6.834966341166904158e+01
1.215199999999999925e+01 1.060396845458073889e+00 7.181248962559371307e+01 6.859241908022090684e+01
1.216799999999999926e+01 1.016189238937343697e+00 6.899999005809991104e+01 6.881175416621253760e+01
1.218399999999999928e+01 1.064014571897505590e+00 7.243748959020318523e+01 6.900736665794821079e+01
1.219999999999999929e+01 9.843118725712433070e-01 6.718749036997391499e+01 6.918105655642645502e+01
1.221599999999999930e+01 1.016438337089700106e+00 6.956249005566077415e+01 6.933658501010050657e+01
1.223199999999999932e+01 1.013780983475661701e+00 6.956249008166227554e+01 6.947911734406656592e+01
1.224799999999999933e+01 9.947814652129298718e-01 6.843749026754539955e+01 6.961449017965621522e+01
1.226399999999999935e+01 9.903752977731163920e-01 6.831249031065226518e+01 6.974854854890523370e+01
1.227999999999999936e+01 1.051962281047872372e+00 7.274998970811451215e+01 6.988583114028530474e+01
1.229599999999999937e+01 9.870299519531968713e-01 6.843749034338006254e+01 7.003057808437326059e+01
1.231199999999999939e+01 9.925577425717000413e-01 6.899999028930047018e+01 7.018581325407130578e+01
1.232799999999999940e+01 9.953633582386166578e-01 6.937499026185128059e+01 7.035384065407032494e+01
1.234399999999999942e+01 1.050026338385623870e+00 7.337498972705738254e+01 7.053641947877041218e+01
1.235999999999999943e+01 1.024115333809082484e+00 7.174998998055330901e+01 7.073473391494454177e+01
1.237599999999999945e+01 1.002783633118461415e+00 7.043749018925441874e+01 7.094881948903170610e+01
1.239199999999999946e+01 1.001970776200042712e+00 7.056249019720924309e+01 7.117725914509497898e+01
1.240799999999999947e+01 9.321133417147273725e-01 6.581249088065629849e+01 7.141688892633987962e+01
1.242399999999999949e+01 1.013591419633049773e+00 7.174999008351912266e+01 7.166246247593804242e+01
1.243999999999999950e+01 1.036524627182488834e+00 7.356248985914557181e+01 7.190730119214720162e+01
1.245599999999999952e+01 1.018930854094596272e+00 7.249999003128174024e+01 7.214376725053502071e+01
1.247199999999999953e+01 1.087285259896016987e+00 7.756248936252953285e+01 7.236474613326470262e+01
1.248799999999999955e+01 9.997333220538923149e-01 7.149999021910029740e+01 7.256462576667166786e+01
1.250399999999999956e+01 9.980481184784548709e-01 7.156249023558193301e+01 7.274072026509915645e+01
1.251999999999999957e+01 1.029406647410496589e+00 7.399998992879088178e+01 7.289342944289865045e+01
1.253599999999999959e+01 1.009436344384898154e+00 7.274999012416732569e+01 7.302655009414931442e+01
1.255199999999999960e+01 1.010324549014259166e+00 7.299999011547669170e+01 7.314636576250511268e+01
1.256799999999999962e+01 1.019832990178352494e+00 7.387499002245219515e+01 7.326101999866240533e+01
1.258399999999999963e+01 1.056829364677946081e+00 7.674998966049712124e+01 7.337891881028809848e+01
1.259999999999999964e+01 9.597202043500480118e-01 6.987499061056736593e+01 7.350712669092247609e+01
1.261599999999999966e+01 9.778374538495891999e-01 7.137499043331671089e+01 7.365053259519480378e+01
1.263199999999999967e+01 1.002692548974126074e+00 7.337499019014201451e+01 7.381099980894254031e+01
1.264799999999999969e+01 1.003564988320294837e+00 7.362499018161290110e+01 7.398681663488929416e+01
1.266399999999999970e+01 9.891339347452463571e-01 7.274999032279710320e+01 7.417374101136022091e+01
1.267999999999999972e+01 1.040887480376216478e+00 7.674998981646358232e+01 7.436595608136943270e+01
1.269599999999999973e+01 1.013746297338458779e+00 7.493749008199993966e+01 7.455799046806805563e+01
1.271199999999999974e+01 1.000232233804989823e+00 7.412499021421969303e+01 7.474576879377640637e+01
1.272799999999999976e+01 1.029686479516571884e+00 7.649998992604987791e+01 7.492829459202866360e+01
1.274399999999999977e+01 1.020389486302858195e+00 7.599999001700997781e+01 7.510782846813097535e+01
1.275999999999999979e+01 1.055498605232347620e+00 7.881248967351578472e+01 7.528874010228442160e+01
1.277599999999999980e+01 9.877314096501279561e-01 7.393749033651572233e+01 7.547671965767510471e+01
1.279199999999999982e+01 9.877606337638950018e-01 7.412499033623079470e+01 7.567606619140637747e+01
1.280799999999999983e+01 9.445865410642960702e-01 7.106249075862820064e+01 7.588821884222323888e+01
1.282399999999999984e+01 9.571475500733428454e-01 7.218749063573447700e+01 7.611085693208882219e+01
1.283999999999999986e+01 1.021721070993641289e+00 7.724999000398220517e+01 7.633770223076044203e+01
1.285599999999999987e+01 1.034021897178604821e+00 7.837498988363398666e+01 7.656054957334154665e+01
1.287199999999999989e+01 1.045435913795287997e+00 7.943748977196878513e+01 7.677100824979416416e+01
1.288799999999999990e+01 1.060072054681390874e+00 8.074998962876857433e+01 7.696314572413329813e+01
1.290399999999999991e+01 1.075450890915918833e+00 8.212498947831852547e+01 7.713491220572866780e+01
1.291999999999999993e+01 9.837980263095186251e-01 7.531249037499839005e+01 7.728839622921782393e+01
1.293599999999999994e+01 9.781082478655089840e-01 7.506249043066858917e+01 7.742946473511044303e+01
1.295199999999999996e+01 9.813799714708805189e-01 7.549999039865329564e+01 7.756484355589505242e+01
1.296799999999999997e+01 9.676142395453357636e-01 7.462499053333915811e+01 7.770068018272155541e+01
1.298399999999999999e+01 9.886745873442835952e-01 7.643749032728894122e+01 7.784014961377650366e+01
1.300000000000000000e+01 1.007209148432181012e+00 7.806249014595623237e+01 7.798297421180006950e+01
1.301600000000000001e+01 1.062653472974406377e+00 8.256248960351886979e+01 7.812524295479477132e+01
1.303200000000000003e+01 1.001466372562052731e+00 7.799999020214416134e+01 7.826111973269225075e+01
1.304800000000000004e+01 1.002213760245065588e+00 7.824999019482636697e+01 7.838480969022640465e+01
1.306400000000000006e+01 1.028507464869292676e+00 8.049998993758691768e+01 7.849235876610859464e+01
1.308000000000000007e+01 9.909433352205304635e-01 7.774999030509482623e+01 7.858352935530541572e+01
1.309600000000000009e+01 1.023487302322724668e+00 8.049998998669730099e+01 7.866241504854951927e+01
1.311200000000000010e+01 9.805635546782490719e-01 7.731249040665007044e+01 7.873746409869174556e+01
1.312800000000000011e+01 1.008223875808381020e+00 7.968749013602780451e+01 7.882013124343264110e+01
1.314400000000000013e+01 9.963046996590069204e-01 7.893749025263859664e+01 7.892339274823973483e+01
1.316000000000000014e+01 9.647674021782253195e-01 7.662499056119000329e+01 7.905960881268451601e+01
1.317600000000000016e+01 1.015021594776775782e+00 8.081249006952286607e+01 7.923833607833273618e+01
1.319200000000000017e+01 9.459966067955991598e-01 7.549999074483154970e+01 7.946452723651778172e+01
1.320800000000000018e+01 9.671424679870345154e-01 7.737499053795066573e+01 7.973778238843750898e+01
1.322400000000000020e+01 9.967558499837472219e-01 7.993749024822996319e+01 8.005155464907541329e+01
1.324000000000000021e+01 9.515889221856915769e-01 7.649999069011697372e+01 8.039459973970276963e+01
1.325600000000000023e+01 1.032278767897057969e+00 8.318748990068925764e+01 8.075264876935774794e+01
1.327200000000000024e+01 1.030565047867644024e+00 8.324998991745583510e+01 8.111022093602674943e+01
1.328800000000000026e+01 1.058186328571383727e+00 8.568748964722094286e+01 8.145334259649627029e+01
1.330400000000000027e+01 9.909642906606176416e-01 8.043749030488916674e+01 8.177104079466079156e+01
1.332000000000000028e+01 1.032368511792132182e+00 8.399998989980899466e+01 8.205635865444939725e+01
1.333599999999999852e+01 1.028360230529804298e+00 8.387498993902491407e+01 8.230604437926422179e+01
1.335199999999999854e+01 9.700919609279962108e-01 7.931249050909630682e+01 8.251994323693635636e+01
1.336799999999999855e+01 1.011240794796929077e+00 8.287499010651302456e+01 8.270000665725227407e+01
1.338399999999999856e+01 1.009585252715432091e+00 8.293749012270906462e+01 8.284847608583673662e+01
1.339999999999999858e+01 1.000344859561556277e+00 8.237499021311828074e+01 8.296812194963287368e+01
1.341599999999999859e+01 1.016132513917336500e+00 8.387499005865450385e+01 8.306206338307501369e+01
1.343199999999999861e+01 1.022777651056376857e+00 8.462498999364336782e+01 8.313371478030711614e+01
1.344799999999999862e+01 1.034663355440123222e+00 8.581248987735897060e+01 8.318840401881737989e+01
1.346399999999999864e+01 9.931127176280400981e-01 8.256249028387193789e+01 8.323289574507334976e+01
1.347999999999999865e+01 1.007256689002227201e+00 8.393749014548967580e+01 8.327635232768942330e+01
1.349599999999999866e+01 1.009359192239471348e+00 8.431249012492190786e+01 8.332896524563233243e+01
1.351199999999999868e+01 9.300851306045229139e-01 7.787499090050070549e+01 8.340088403282817353e+01
1.352799999999999869e+01 1.017994092159146602e+00 8.543749004044465778e+01 8.350080885179488632e+01
1.354399999999999871e+01 9.754719109164915469e-01 8.206249045646111995e+01 8.363393307991874792e+01
1.355999999999999872e+01 9.687241818622103207e-01 8.168749052247588338e+01 8.380115842216662259e+01
1.357599999999999874e+01 9.915829528189439301e-01 8.381249029883304047e+01 8.399889045113664565e+01
1.359199999999999875e+01 9.877744263103368505e-01 8.368749033609664423e+01 8.421925885974088999e+01
1.360799999999999876e+01 9.942845261634890575e-01 8.443749027241008775e+01 8.445222135518535822e+01
1.362399999999999878e+01 9.787343087785088658e-01 8.331249042454022913e+01 8.468711144770254862e+01
1.363999999999999879e+01 1.036505550948718435e+00 8.843748985933561357e+01 8.491505576719586657e+01
1.365599999999999881e+01 1.015077409542922693e+00 8.681249006898147513e+01 8.513020013220442195e+01
1.367199999999999882e+01 1.008328433718591155e+00 8.643749013500264766e+01 8.533137895491816494e+01
1.368799999999999883e+01 1.043069128023661252e+00 8.962498979512024277e+01 8.552152886966975132e+01
1.370399999999999885e+01 9.535524774287368333e-01 8.212499067090894300e+01 8.570675823898244516e+01
1.371999999999999886e+01 9.433657977484932733e-01 8.143749077056993713e+01 8.589453944436453980e+01
1.373599999999999888e+01 1.004010303470959542e+00 8.687499017725549777e+01 8.609202074794070825e+01
1.375199999999999889e+01 9.656439077469342047e-01 8.374999055260903447e+01 8.630427844969695172e+01
1.376799999999999891e+01 1.030263727144170360e+00 8.956248992040666224e+01 8.653347491499965827e+01
1.378399999999999892e+01 9.733594572316333071e-01 8.481249047712576328e+01 8.677840666278353865e+01
1.379999999999999893e+01 1.009031847997928999e+00 8.812499012812676824e+01 8.703546977854952615e+01
1.381599999999999895e+01 9.931307183658356630e-01 8.693749028369153109e+01 8.729934521887513199e+01
1.383199999999999896e+01 9.993822804755635447e-01 8.768749022253179248e+01 8.756413654882364028e+01
1.384799999999999898e+01 1.007023661486833088e+00 8.856249014777270645e+01 8.782391541172076188e+01
1.386399999999999899e+01 1.024553596895138252e+00 9.031248997626677522e+01 8.807330261410275796e+01
1.387999999999999901e+01 9.953116786448884534e-01 8.793749026236046973e+01 8.830776800455504372e+01
1.389599999999999902e+01 9.866690273096632158e-01 8.737499034690601718e+01 8.852308411522253095e+01
1.391199999999999903e+01 9.745427324253823631e-01 8.649999046555325322e+01 8.871595853693037270e+01
1.392799999999999905e+01 9.891657573778345203e-01 8.799999032248767605e+01 8.888405282951988795e+01
1.394399999999999906e+01 1.025447694789832775e+00 9.143748996751979519e+01 8.902679425016854964e+01
1.395999999999999908e+01 1.051071062081265550e+00 9.393748971683235993e+01 8.914625240228596681e+01
1.397599999999999909e+01 1.002616666480547369e+00 8.981249019088802754e+01 8.924758634108528099e+01
1.399199999999999910e+01 9.919715277971493661e-01 8.906249029503428005e+01 8.933940566012790896e+01
1.400799999999999912e+01 9.667872287841339229e-01 8.699999054142681132e+01 8.943309434457214024e+01
1.402399999999999913e+01 1.022790032645409353e+00 9.224998999352241924e+01 8.954127954263294953e+01
1.403999999999999915e+01 9.623852441804087166e-01 8.699999058449520817e+01 8.967658695277279435e+01
1.405599999999999916e+01 9.519179700424997836e-01 8.624999068689763249e+01 8.984874594177696849e+01
1.407199999999999918e+01 9.738424980258761909e-01 8.843749047240085304e+01 9.006345597823766980e+01
1.408799999999999919e+01 1.017638323688016877e+00 9.262499004391962387e+01 9.032133889782980418e+01
1.410399999999999920e+01 9.701135956631119495e-01 8.849999050888511931e+01 9.061768962466962307e+01
1.411999999999999922e+01 9.576629333519196541e-01 8.756249063069250838e+01 9.094334715444034600e+01
1.413599999999999923e+01 1.005283019920004461e+00 9.212499016480346370e+01 9.128634065477767479e+01
1.415199999999999925e+01 1.049963550651318078e+00 9.643748972766714189e+01 9.163376613464389209e+01
1.416799999999999926e+01 9.864894717557363135e-01 9.081249034866955583e+01 9.197376713039044205e+01
1.418399999999999928e+01 1.024231864261791802e+00 9.449998997941736434e+01 9.229684867513142876e+01
1.419999999999999929e+01 1.013138644203423144e+00 9.368749008794243593e+01 9.259678927343829002e+01
1.421599999999999930e+01 9.737697982482382830e-01 9.024999047311769118e+01 9.287071354894247577e+01
1.423199999999999932e+01 1.017334700330878361e+00 9.449999004689044568e+01 9.311840995799227017e+01
1.424799999999999933e+01 1.003638509898345355e+00 9.343749018089307867e+01 9.334171022201061874e+01
1.426399999999999935e+01 9.966994260998565114e-01 9.299999024877666898e+01 9.354303644824564401e+01
1.427999999999999936e+01 1.008501996516519394e+00 9.431249013331208175e+01 9.372512169625863976e+01
1.429599999999999937e+01 1.020916091694471284e+00 9.568749001185379655e+01 9.388993241617117747e+01
1.431199999999999939e+01 9.853677428173548414e-01 9.256249035964337679e+01 9.403895190424344719e+01
1.432799999999999940e+01 1.009058581017884482e+00 9.499999012786362584e+01 9.417321707111935325e+01
1.434399999999999942e+01 9.710405251592616471e-01 9.162499049981155963e+01 9.429405687679893333e+01
1.435999999999999943e+01 1.014479879432493847e+00 9.593749007482651336e+01 9.440391468176116518e+01
1.437599999999999945e+01 1.016838973485520103e+00 9.637499005174426259e+01 9.450729134163721312e+01
1.439199999999999946e+01 1.016553222004569212e+00 9.656249005453585710e+01 9.461081130919058069e+01
1.440799999999999947e+01 9.729370507945861446e-01 9.262499048126208834e+01 9.472316255323600842e+01
1.442399999999999949e+01 1.021873435072005343e+00 9.749999000248868697e+01 9.485475115569794013e+01
1.443999999999999950e+01 9.529433328997810593e-01 9.112499067686577803e+01 9.501585943963871728e+01
1.445599999999999952e+01 9.938769679872284657e-01 9.524999027639613303e+01 9.521477571271417162e+01
1.447199999999999953e+01 9.630493585471978646e-01 9.249999057799711011e+01 9.545609316497342434e+01
1.448799999999999955e+01 9.868943259521354427e-01 9.499999034470640424e+01 9.573925126839309030e+01
1.450399999999999956e+01 9.814789496661913137e-01 9.468749039768682962e+01 9.605782388646763081e+01
1.451999999999999957e+01 9.890133115714305756e-01 9.562499032397558096e+01 9.639935769182750391e+01
1.453599999999999959e+01 9.939321740053389531e-01 9.631249027585538158e+01 9.674757749410292718e+01
1.455199999999999960e+01 9.949655791355057621e-01 9.662499026574231209e+01 9.708466440950495269e+01
1.456799999999999962e+01 1.045438462714228134e+00 1.017499897719442572e+02 9.739380561344844978e+01
1.458399999999999963e+01 1.005982163156773801e+00 9.812499015795835078e+01 9.766249097218525321e+01
1.459999999999999964e+01 1.053647728406616801e+00 1.029999896916304891e+02 9.788415638434446464e+01
1.461599999999999966e+01 1.014341034916772966e+00 9.937499007618103519e+01 9.805949091900561143e+01
1.463199999999999967e+01 9.898444400757570039e-01 9.718749031584378884e+01 9.819595225519853443e+01
1.464799999999999969e+01 1.001021695593982574e+00 9.849999020649326553e+01 9.830612539577535358e+01
1.466399999999999970e+01 9.760223364680494784e-01 9.624999045107077222e+01 9.840551269062275708e+01
1.467999999999999972e+01 9.846467261850745389e-01 9.731249036670070041e+01 9.850970482226362890e+01
1.469599999999999973e+01 9.774556720712960223e-01 9.681249043704642077e+01 9.863214288659462170e+01
1.471199999999999974e+01 1.006183711620532995e+00 9.987499015599671282e+01 9.878233751660933137e+01
1.472799999999999976e+01 9.631602349738607183e-01 9.581249057690529014e+01 9.896490485288919103e+01
1.474399999999999977e+01 1.014986216479110803e+00 1.011874900698723962e+02 9.917993201472374665e+01
1.475999999999999979e+01 9.996500690697542879e-01 9.987499021991472148e+01 9.942297237581291824e+01
1.477599999999999980e+01 9.800084671640273415e-01 9.812499041207321682e+01 9.968738205087467463e+01
1.479199999999999982e+01 9.803809690590652437e-01 9.837499040843005105e+01 9.996467541073441510e+01
1.480799999999999983e+01 9.981519741526647671e-01 1.003749902345707028e+02 1.002468219954594275e+02
1.482399999999999984e+01 1.030108001262171946e+00 1.038124899219256605e+02 1.005270452260191689e+02
1.483999999999999986e+01 1.009322837468304312e+00 1.019374901252813856e+02 1.008014502767957481e+02
1.485599999999999987e+01 9.707171468503974499e-01 9.824999050297796543e+01 1.010694085475271180e+02
1.487199999999999989e+01 1.007448708444674823e+00 1.021874901436096081e+02 1.013334410398155825e+02
1.488799999999999990e+01 1.018811243689750068e+00 1.035624900324505120e+02 1.015986116499900618e+02
1.490399999999999991e+01 1.019079088173890257e+00 1.038124900298299735e+02 1.018718037740418083e+02
1.491999999999999993e+01 9.764881612495491803e-01 9.968749044651663382e+01 1.021593343783378032e+02
1.493599999999999994e+01 9.786735322404760407e-01 1.001249904251319549e+02 1.024653437721577376e+02
1.495199999999999996e+01 9.942585302597394259e-01 1.019374902726583514e+02 1.027904949851615868e+02
1.496799999999999997e+01 9.665855307974170474e-01 9.931249054340210591e+01 1.031307736706807248e+02
1.498399999999999999e+01 1.022794344772305797e+00 1.053124899934810230e+02 1.034777178103871336e+02
1.500000000000000000e+01 9.939625111696914761e-01 1.025624902755539125e+02 1.038191993863657956e+02
1.501600000000000001e+01 1.041407497452289777e+00 1.076874898113783132e+02 1.041418332448110675e+02
1.503200000000000003e+01 1.034366703470864790e+00 1.071874898802584397e+02 1.044328958892870816e+02
1.504800000000000004e+01 1.000270351516760359e+00 1.038749902138438159e+02 1.046829958638158899e+02
1.506400000000000006e+01 1.041988215151421704e+00 1.084374898056978367e+02 1.048879739288198323e+02
1.508000000000000007e+01 9.864409435214668287e-01 1.028749903491442552e+02 1.050491812223485795e+02
1.509600000000000009e+01 1.020830621613422418e+00 1.066874900126894516e+02 1.051740861192276100e+02
1.511200000000000010e+01 1.033589146259044300e+00 1.082499898878700861e+02 1.052741890246486207e+02
1.512800000000000011e+01 1.018898493797904203e+00 1.069374900315934980e+02 1.053634735482021654e+02
1.514400000000000013e+01 9.626707029449148578e-01 1.012499905817026189e+02 1.054556288574796952e+02
1.516000000000000014e+01 9.499659778172273583e-01 1.001249907059970923e+02 1.055626151569713898e+02
1.517600000000000016e+01 1.005954246394197060e+00 1.062499901582307018e+02 1.056924813913999230e+02
1.519200000000000017e+01 1.015646289337510222e+00 1.074999900634150407e+02 1.058490610831025549e+02
1.520800000000000018e+01 9.545853162618443966e-01 1.012499906608057643e+02 1.060322912443347718e+02
1.522400000000000020e+01 1.054306009255921106e+00 1.120624896851808074e+02 1.062388968767469350e+02
1.524000000000000021e+01 1.014539597521248782e+00 1.080624900742408556e+02 1.064641257235040115e+02
1.525600000000000023e+01 9.971884300651701061e-01 1.064374902439988659e+02 1.067026585658730227e+02
1.527200000000000024e+01 9.647153428870002267e-01 1.031874905616917601e+02 1.069495059581866485e+02
1.528800000000000026e+01 9.766914963077595324e-01 1.046874904445299421e+02 1.072011385396764922e+02
1.530400000000000027e+01 1.038075351991810225e+00 1.114999898439767918e+02 1.074557218192413757e+02
1.532000000000000028e+01 9.836482389956422434e-01 1.058749903764639413e+02 1.077130088071236003e+02
1.533600000000000030e+01 1.031429969031427696e+00 1.112499899089963691e+02 1.079745632594465405e+02
1.535200000000000031e+01 9.957427825830733603e-01 1.076249902581369611e+02 1.082428397076691056e+02
1.536799999999999855e+01 9.913623002040926613e-01 1.073749903009947673e+02 1.085210617260668187e+02
1.538399999999999856e+01 1.012335046109122949e+00 1.098749900958113130e+02 1.088118079517594339e+02
1.539999999999999858e+01 9.826494434386766619e-01 1.068749903862379824e+02 1.091160122005964439e+02
1.541599999999999859e+01 1.005269385333860344e+00 1.095624901649306935e+02 1.094321861171770820e+02
1.543199999999999861e+01 9.825842757046669984e-01 1.073124903868768740e+02 1.097551151876033089e+02
1.544799999999999862e+01 1.019383601465780886e+00 1.115624900268500994e+02 1.100763263242797052e+02
1.546399999999999864e+01 9.699733848911599177e-01 1.063749905102574758e+02 1.103844390785874339e+02
1.547999999999999865e+01 1.046453306338671396e+00 1.149999897620110261e+02 1.106668413151461294e+02
1.549599999999999866e+01 1.026131819634540809e+00 1.129999899608244789e+02 1.109113914254537150e+02
1.551199999999999868e+01 1.003626383873276406e+00 1.107499901810113698e+02 1.111093219803534708e+02
1.552799999999999869e+01 1.051863227734113337e+00 1.163124897090792871e+02 1.112574645733863861e+02
1.554399999999999871e+01 9.865251894791516873e-01 1.093124903483198551e+02 1.113592676772939853e+02
1.555999999999999872e+01 1.012079077049464759e+00 1.123749900983115708e+02 1.114253097483598509e+02
1.557599999999999874e+01 1.031346845329522255e+00 1.147499899098059188e+02 1.114732856932074867e+02
1.559199999999999875e+01 9.995203385467313906e-01 1.114374902211839782e+02 1.115247331102361699e+02
1.560799999999999876e+01 9.834862733431257720e-01 1.098749903780544059e+02 1.116027088897372153e+02
1.562399999999999878e+01 9.691906264179044328e-01 1.084999905179065678e+02 1.117276877980538075e+02
1.563999999999999879e+01 9.750087118833831168e-01 1.093749904609949368e+02 1.119146807671538539e+02
1.565599999999999881e+01 9.730168663829477094e-01 1.093749904804771802e+02 1.121701206216807378e+02
1.567199999999999882e+01 9.715859932907499052e-01 1.094374904944776006e+02 1.124904955598741765e+02
1.568799999999999883e+01 9.934161649647458292e-01 1.121249902809013292e+02 1.128629749702555642e+02
1.570399999999999885e+01 9.947086101869513364e-01 1.124999902682541233e+02 1.132669698682003911e+02
1.571999999999999886e+01 1.016950416856036155e+00 1.152499900506552137e+02 1.136780438071696722e+02
1.573599999999999888e+01 1.028642710973193486e+00 1.168124899362611444e+02 1.140714899288014124e+02
1.575199999999999889e+01 1.028751109563673216e+00 1.170624899352005883e+02 1.144265796384206340e+02
1.576799999999999891e+01 1.031597645259306084e+00 1.176249899073538074e+02 1.147293756350795491e+02
1.578399999999999892e+01 1.017472653094914525e+00 1.162499900455460278e+02 1.149743435816112935e+02
1.579999999999999893e+01 1.033974305325007670e+00 1.183749898840955268e+02 1.151643598644464959e+02
1.581599999999999895e+01 9.877531817420819316e-01 1.133124903363053875e+02 1.153088038733537815e+02
1.583199999999999896e+01 9.846702887715124142e-01 1.131874903664696035e+02 1.154214047249267736e+02
1.584799999999999898e+01 1.018495919837179020e+00 1.173124900355325479e+02 1.155162441173147556e+02
1.586399999999999899e+01 9.785357484932453165e-01 1.129374904264863062e+02 1.156054685137447109e+02
1.587999999999999901e+01 9.668370631791923797e-01 1.118124905409372332e+02 1.156975646301879266e+02
1.589599999999999902e+01 1.012893597380635446e+00 1.173749900903414272e+02 1.157955312024980685e+02
1.591199999999999903e+01 1.007628053940990975e+00 1.169999901418625115e+02 1.158980686062996028e+02
1.592799999999999905e+01 1.022257347134075678e+00 1.189374899987313938e+02 1.160002077762654551e+02
1.594399999999999906e+01 9.746378067739835949e-01 1.136249904646192164e+02 1.160947684713839294e+02
1.595999999999999908e+01 1.014416969117009959e+00 1.184999900754387028e+02 1.161740569216062227e+02
1.597599999999999909e+01 9.755429397796256952e-01 1.141874904557649018e+02 1.162311581398464710e+02
1.599200000000000088e+01 1.007696878465402124e+00 1.181874901411992909e+02 1.162610668700071699e+02
