# r(Angstrom)	g(r)_ideal	J(r)_ideal	J(r)_broadened
8.000000000000000167e-03 0.000000000000000000e+00 0.000000000000000000e+00 0.000000000000000000e+00
2.400000000000000050e-02 0.000000000000000000e+00 0.000000000000000000e+00 0.000000000000000000e+00
4.000000000000000083e-02 0.000000000000000000e+00 0.000000000000000000e+00 0.000000000000000000e+00
5.600000000000000117e-02 0.000000000000000000e+00 0.000000000000000000e+00 0.000000000000000000e+00
7.200000000000000844e-02 0.000000000000000000e+00 0.000000000000000000e+00 0.000000000000000000e+00
8.799999999999999489e-02 0.000000000000000000e+00 0.000000000000000000e+00 0.000000000000000000e+00
1.040000000000000091e-01 0.000000000000000000e+00 0.000000000000000000e+00 0.000000000000000000e+00
1.199999999999999956e-01 0.000000000000000000e+00 0.000000000000000000e+00 0.000000000000000000e+00
1.360000000000000098e-01 0.000000000000000000e+00 0.000000000000000000e+00 0.000000000000000000e+00
1.520000000000000240e-01 0.000000000000000000e+00 0.000000000000000000e+00 0.000000000000000000e+00
1.680000000000000104e-01 0.000000000000000000e+00 0.000000000000000000e+00 0.000000000000000000e+00
1.839999999999999969e-01 0.000000000000000000e+00 0.000000000000000000e+00 0.000000000000000000e+00
2.000000000000000111e-01 0.000000000000000000e+00 0.000000000000000000e+00 0.000000000000000000e+00
2.160000000000000253e-01 0.000000000000000000e+00 0.000000000000000000e+00 0.000000000000000000e+00
2.320000000000000118e-01 0.000000000000000000e+00 0.000000000000000000e+00 0.000000000000000000e+00
2.479999999999999982e-01 0.000000000000000000e+00 0.000000000000000000e+00 0.000000000000000000e+00
2.640000000000000124e-01 0.000000000000000000e+00 0.000000000000000000e+00 0.000000000000000000e+00
2.800000000000000266e-01 0.000000000000000000e+00 0.000000000000000000e+00 0.000000000000000000e+00
2.960000000000000409e-01 0.000000000000000000e+00 0.000000000000000000e+00 0.000000000000000000e+00
3.119999999999999996e-01 0.000000000000000000e+00 0.000000000000000000e+00 0.000000000000000000e+00
3.280000000000000138e-01 0.000000000000000000e+00 0.000000000000000000e+00 0.000000000000000000e+00
3.440000000000000280e-01 0.000000000000000000e+00 0.000000000000000000e+00 0.000000000000000000e+00
3.599999999999999867e-01 0.000000000000000000e+00 0.000000000000000000e+00 0.000000000000000000e+00
3.760000000000000009e-01 0.000000000000000000e+00 0.000000000000000000e+00 0.000000000000000000e+00
3.920000000000000151e-01 0.000000000000000000e+00 0.000000000000000000e+00 0.000000000000000000e+00
4.080000000000000293e-01 0.000000000000000000e+00 0.000000000000000000e+00 0.000000000000000000e+00
4.240000000000000435e-01 0.000000000000000000e+00 0.000000000000000000e+00 0.000000000000000000e+00
4.400000000000000022e-01 0.000000000000000000e+00 0.000000000000000000e+00 0.000000000000000000e+00
4.560000000000000164e-01 0.000000000000000000e+00 0.000000000000000000e+00 0.000000000000000000e+00
4.720000000000000306e-01 0.000000000000000000e+00 0.000000000000000000e+00 0.000000000000000000e+00
4.879999999999999893e-01 0.000000000000000000e+00 0.000000000000000000e+00 0.000000000000000000e+00
5.040000000000000036e-01 0.000000000000000000e+00 0.000000000000000000e+00 0.000000000000000000e+00
5.200000000000000178e-01 0.000000000000000000e+00 0.000000000000000000e+00 0.000000000000000000e+00
5.360000000000000320e-01 0.000000000000000000e+00 0.000000000000000000e+00 0.000000000000000000e+00
5.520000000000000462e-01 0.000000000000000000e+00 0.000000000000000000e+00 0.000000000000000000e+00
5.680000000000000604e-01 0.000000000000000000e+00 0.000000000000000000e+00 0.000000000000000000e+00
5.840000000000000746e-01 0.000000000000000000e+00 0.000000000000000000e+00 0.000000000000000000e+00
5.999999999999999778e-01 0.000000000000000000e+00 0.000000000000000000e+00 0.000000000000000000e+00
6.159999999999999920e-01 0.000000000000000000e+00 0.000000000000000000e+00 0.000000000000000000e+00
6.320000000000000062e-01 0.000000000000000000e+00 0.000000000000000000e+00 0.000000000000000000e+00
6.480000000000000204e-01 0.000000000000000000e+00 0.000000000000000000e+00 0.000000000000000000e+00
6.640000000000000346e-01 0.000000000000000000e+00 0.000000000000000000e+00 0.000000000000000000e+00
6.800000000000000488e-01 0.000000000000000000e+00 0.000000000000000000e+00 0.000000000000000000e+00
6.960000000000000631e-01 0.000000000000000000e+00 0.000000000000000000e+00 0.000000000000000000e+00
7.119999999999999662e-01 0.000000000000000000e+00 0.000000000000000000e+00 0.000000000000000000e+00
7.279999999999999805e-01 0.000000000000000000e+00 0.000000000000000000e+00 0.000000000000000000e+00
7.439999999999999947e-01 0.000000000000000000e+00 0.000000000000000000e+00 0.000000000000000000e+00
7.600000000000000089e-01 0.000000000000000000e+00 0.000000000000000000e+00 0.000000000000000000e+00
7.760000000000000231e-01 0.000000000000000000e+00 0.000000000000000000e+00 0.000000000000000000e+00
7.920000000000000373e-01 0.000000000000000000e+00 0.000000000000000000e+00 0.000000000000000000e+00
8.080000000000000515e-01 0.000000000000000000e+00 0.000000000000000000e+00 0.000000000000000000e+00
8.240000000000000657e-01 0.000000000000000000e+00 0.000000000000000000e+00 0.000000000000000000e+00
8.400000000000000799e-01 0.000000000000000000e+00 0.000000000000000000e+00 0.000000000000000000e+00
8.559999999999999831e-01 0.000000000000000000e+00 0.000000000000000000e+00 0.000000000000000000e+00
8.719999999999999973e-01 0.000000000000000000e+00 0.000000000000000000e+00 0.000000000000000000e+00
8.880000000000000115e-01 0.000000000000000000e+00 0.000000000000000000e+00 0.000000000000000000e+00
9.040000000000000258e-01 0.000000000000000000e+00 0.000000000000000000e+00 0.000000000000000000e+00
9.200000000000000400e-01 0.000000000000000000e+00 0.000000000000000000e+00 0.000000000000000000e+00
9.360000000000000542e-01 0.000000000000000000e+00 0.000000000000000000e+00 0.000000000000000000e+00
9.520000000000000684e-01 0.000000000000000000e+00 0.000000000000000000e+00 0.000000000000000000e+00
9.679999999999999716e-01 0.000000000000000000e+00 0.000000000000000000e+00 0.000000000000000000e+00
9.839999999999999858e-01 0.000000000000000000e+00 0.000000000000000000e+00 0.000000000000000000e+00
1.000000000000000000e+00 0.000000000000000000e+00 0.000000000000000000e+00 0.000000000000000000e+00
1.016000000000000014e+00 0.000000000000000000e+00 0.000000000000000000e+00 0.000000000000000000e+00
1.032000000000000028e+00 0.000000000000000000e+00 0.000000000000000000e+00 0.000000000000000000e+00
1.048000000000000043e+00 0.000000000000000000e+00 0.000000000000000000e+00 0.000000000000000000e+00
1.064000000000000057e+00 0.000000000000000000e+00 0.000000000000000000e+00 0.000000000000000000e+00
1.080000000000000071e+00 0.000000000000000000e+00 0.000000000000000000e+00 0.000000000000000000e+00
1.096000000000000085e+00 0.000000000000000000e+00 0.000000000000000000e+00 0.000000000000000000e+00
1.112000000000000099e+00 0.000000000000000000e+00 0.000000000000000000e+00 0.000000000000000000e+00
1.128000000000000114e+00 0.000000000000000000e+00 0.000000000000000000e+00 0.000000000000000000e+00
1.144000000000000128e+00 0.000000000000000000e+00 0.000000000000000000e+00 0.000000000000000000e+00
1.160000000000000142e+00 0.000000000000000000e+00 0.000000000000000000e+00 0.000000000000000000e+00
1.175999999999999934e+00 0.000000000000000000e+00 0.000000000000000000e+00 0.000000000000000000e+00
1.191999999999999948e+00 0.000000000000000000e+00 0.000000000000000000e+00 0.000000000000000000e+00
1.207999999999999963e+00 0.000000000000000000e+00 0.000000000000000000e+00 0.000000000000000000e+00
1.223999999999999977e+00 0.000000000000000000e+00 0.000000000000000000e+00 0.000000000000000000e+00
1.239999999999999991e+00 0.000000000000000000e+00 0.000000000000000000e+00 0.000000000000000000e+00
1.256000000000000005e+00 0.000000000000000000e+00 0.000000000000000000e+00 0.000000000000000000e+00
1.272000000000000020e+00 0.000000000000000000e+00 0.000000000000000000e+00 0.000000000000000000e+00
1.288000000000000034e+00 0.000000000000000000e+00 0.000000000000000000e+00 0.000000000000000000e+00
1.304000000000000048e+00 0.000000000000000000e+00 0.000000000000000000e+00 0.000000000000000000e+00
1.320000000000000062e+00 0.000000000000000000e+00 0.000000000000000000e+00 0.000000000000000000e+00
1.336000000000000076e+00 0.000000000000000000e+00 0.000000000000000000e+00 0.000000000000000000e+00
1.352000000000000091e+00 0.000000000000000000e+00 0.000000000000000000e+00 0.000000000000000000e+00
1.368000000000000105e+00 0.000000000000000000e+00 0.000000000000000000e+00 0.000000000000000000e+00
1.384000000000000119e+00 0.000000000000000000e+00 0.000000000000000000e+00 0.000000000000000000e+00
1.400000000000000133e+00 0.000000000000000000e+00 0.000000000000000000e+00 0.000000000000000000e+00
1.415999999999999925e+00 0.000000000000000000e+00 0.000000000000000000e+00 0.000000000000000000e+00
1.431999999999999940e+00 0.000000000000000000e+00 0.000000000000000000e+00 0.000000000000000000e+00
1.447999999999999954e+00 0.000000000000000000e+00 0.000000000000000000e+00 0.000000000000000000e+00
1.463999999999999968e+00 0.000000000000000000e+00 0.000000000000000000e+00 0.000000000000000000e+00
1.479999999999999982e+00 0.000000000000000000e+00 0.000000000000000000e+00 0.000000000000000000e+00
1.495999999999999996e+00 0.000000000000000000e+00 0.000000000000000000e+00 0.000000000000000000e+00
1.512000000000000011e+00 0.000000000000000000e+00 0.000000000000000000e+00 0.000000000000000000e+00
1.528000000000000025e+00 0.000000000000000000e+00 0.000000000000000000e+00 0.000000000000000000e+00
1.544000000000000039e+00 0.000000000000000000e+00 0.000000000000000000e+00 0.000000000000000000e+00
1.560000000000000053e+00 0.000000000000000000e+00 0.000000000000000000e+00 0.000000000000000000e+00
1.576000000000000068e+00 0.000000000000000000e+00 0.000000000000000000e+00 0.000000000000000000e+00
1.592000000000000082e+00 0.000000000000000000e+00 0.000000000000000000e+00 0.000000000000000000e+00
1.608000000000000096e+00 0.000000000000000000e+00 0.000000000000000000e+00 0.000000000000000000e+00
1.624000000000000110e+00 0.000000000000000000e+00 0.000000000000000000e+00 0.000000000000000000e+00
1.640000000000000124e+00 0.000000000000000000e+00 0.000000000000000000e+00 0.000000000000000000e+00
1.656000000000000139e+00 0.000000000000000000e+00 0.000000000000000000e+00 0.000000000000000000e+00
1.672000000000000153e+00 0.000000000000000000e+00 0.000000000000000000e+00 0.000000000000000000e+00
1.687999999999999945e+00 0.000000000000000000e+00 0.000000000000000000e+00 0.000000000000000000e+00
1.703999999999999959e+00 0.000000000000000000e+00 0.000000000000000000e+00 0.000000000000000000e+00
1.719999999999999973e+00 0.000000000000000000e+00 0.000000000000000000e+00 0.000000000000000000e+00
1.735999999999999988e+00 0.000000000000000000e+00 0.000000000000000000e+00 0.000000000000000000e+00
1.752000000000000002e+00 0.000000000000000000e+00 0.000000000000000000e+00 0.000000000000000000e+00
1.768000000000000016e+00 0.000000000000000000e+00 0.000000000000000000e+00 0.000000000000000000e+00
1.784000000000000030e+00 0.000000000000000000e+00 0.000000000000000000e+00 0.000000000000000000e+00
1.800000000000000044e+00 0.000000000000000000e+00 0.000000000000000000e+00 0.000000000000000000e+00
1.816000000000000059e+00 0.000000000000000000e+00 0.000000000000000000e+00 0.000000000000000000e+00
1.832000000000000073e+00 0.000000000000000000e+00 0.000000000000000000e+00 0.000000000000000000e+00
1.848000000000000087e+00 0.000000000000000000e+00 0.000000000000000000e+00 0.000000000000000000e+00
1.864000000000000101e+00 0.000000000000000000e+00 0.000000000000000000e+00 0.000000000000000000e+00
1.880000000000000115e+00 0.000000000000000000e+00 0.000000000000000000e+00 0.000000000000000000e+00
1.896000000000000130e+00 0.000000000000000000e+00 0.000000000000000000e+00 0.000000000000000000e+00
1.912000000000000144e+00 0.000000000000000000e+00 0.000000000000000000e+00 0.000000000000000000e+00
1.927999999999999936e+00 0.000000000000000000e+00 0.000000000000000000e+00 0.000000000000000000e+00
1.943999999999999950e+00 0.000000000000000000e+00 0.000000000000000000e+00 0.000000000000000000e+00
1.959999999999999964e+00 0.000000000000000000e+00 0.000000000000000000e+00 1.672938066072354106e-06
1.975999999999999979e+00 0.000000000000000000e+00 0.000000000000000000e+00 6.995344315881583944e-06
1.991999999999999993e+00 0.000000000000000000e+00 0.000000000000000000e+00 1.996680074209983250e-05
2.008000000000000007e+00 0.000000000000000000e+00 0.000000000000000000e+00 6.005212133875117406e-05
2.024000000000000021e+00 0.000000000000000000e+00 0.000000000000000000e+00 1.671964713571565564e-04
2.040000000000000036e+00 0.000000000000000000e+00 0.000000000000000000e+00 3.937741240603777489e-04
2.056000000000000050e+00 0.000000000000000000e+00 0.000000000000000000e+00 8.678949885483603797e-04
2.072000000000000064e+00 0.000000000000000000e+00 0.000000000000000000e+00 1.868444256752083924e-03
2.088000000000000078e+00 0.000000000000000000e+00 0.000000000000000000e+00 3.783959707789943776e-03
2.104000000000000092e+00 0.000000000000000000e+00 0.000000000000000000e+00 7.387811925945648485e-03
2.120000000000000107e+00 0.000000000000000000e+00 0.000000000000000000e+00 1.384779278263619136e-02
2.136000000000000121e+00 0.000000000000000000e+00 0.000000000000000000e+00 2.502238568633100360e-02
2.152000000000000135e+00 0.000000000000000000e+00 0.000000000000000000e+00 4.379903194768644537e-02
2.168000000000000149e+00 0.000000000000000000e+00 0.000000000000000000e+00 7.442017421258095844e-02
2.184000000000000163e+00 0.000000000000000000e+00 0.000000000000000000e+00 1.227821759112760341e-01
2.200000000000000178e+00 0.000000000000000000e+00 0.000000000000000000e+00 1.969210337472512562e-01
2.216000000000000192e+00 0.000000000000000000e+00 0.000000000000000000e+00 3.072316724223139173e-01
2.232000000000000206e+00 0.000000000000000000e+00 0.000000000000000000e+00 4.664892290624403914e-01
2.248000000000000220e+00 0.000000000000000000e+00 0.000000000000000000e+00 6.895615998367556898e-01
2.264000000000000234e+00 0.000000000000000000e+00 0.000000000000000000e+00 9.925114971017309218e-01
2.280000000000000249e+00 2.466804669671400843e-02 6.249974351187601029e-02 1.391289267202812985e+00
2.296000000000000263e+00 4.865088096596257433e-02 1.249994941483079935e-01 1.899817602976355602e+00
2.312000000000000277e+00 7.196976756679111797e-02 1.874992516881902049e-01 2.527539137274712910e+00
2.327999999999999847e+00 2.602742848307920132e-01 6.874972937758807578e-01 3.276874555015762525e+00
2.343999999999999861e+00 6.068239109547803878e-01 1.624993690496530307e+00 4.140815110110309227e+00
2.359999999999999876e+00 7.367676473509333634e-01 1.999992339395419538e+00 5.101194750723547777e+00
2.375999999999999890e+00 1.135747340959486262e+00 3.124988190969972379e+00 6.128080429660432316e+00
2.391999999999999904e+00 2.398093135504800522e+00 6.687475065621663717e+00 7.180605479828411575e+00
2.407999999999999918e+00 2.874981321440824189e+00 8.124970107135958131e+00 8.209350951858770173e+00
2.423999999999999932e+00 4.299378264131076932e+00 1.231245529684703577e+01 9.160200819391064897e+00
2.439999999999999947e+00 4.910886267131624905e+00 1.424994893864038836e+01 9.979189444046252078e+00
2.455999999999999961e+00 5.017183440593655952e+00 1.474994783340646087e+01 1.061773359147645657e+01
2.471999999999999975e+00 5.456085120253225895e+00 1.624994326988869275e+01 1.103752329269041255e+01
2.487999999999999989e+00 6.028329446584433704e+00 1.818743731992926271e+01 1.121432734130416975e+01
2.504000000000000004e+00 5.317524008144768111e+00 1.624994471058966994e+01 1.114024134809501732e+01
2.520000000000000018e+00 4.604034238185243488e+00 1.424995212916063814e+01 1.082409248218115394e+01
2.536000000000000032e+00 4.007765999444593774e+00 1.256245832891042191e+01 1.028998941569935255e+01
2.552000000000000046e+00 3.426042323721928629e+00 1.087496437743218358e+01 9.574384532924849367e+00
2.568000000000000060e+00 3.266811503066436639e+00 1.049996603304819764e+01 8.722108513961742915e+00
2.584000000000000075e+00 2.439066003336529675e+00 7.937474639602704052e+00 7.781932358237648728e+00
2.600000000000000089e+00 1.498598394332854467e+00 4.937484418195173141e+00 6.802276148252428101e+00
2.616000000000000103e+00 1.124295973702597262e+00 3.749988310036507677e+00 5.827506575482734874e+00
2.632000000000000117e+00 7.589566795851493408e-01 2.562492108683050773e+00 4.895137090247129841e+00
2.648000000000000131e+00 6.217959261586517572e-01 2.124993534823726105e+00 4.034155387159698236e+00
2.664000000000000146e+00 4.878656665668160697e-01 1.687494927375034592e+00 3.264386271086082036e+00
2.680000000000000160e+00 2.678098949822012576e-01 9.374972154237282140e-01 2.596801735471431005e+00
2.696000000000000174e+00 8.821352810718398330e-02 3.124990827923012082e-01 2.034599009897697375e+00
2.712000000000000188e+00 8.717573393493185940e-02 3.124990935828590444e-01 1.574676656442329792e+00
2.728000000000000203e+00 3.446245855951948767e-02 1.249996416736417898e-01 1.209320933534255182e+00
2.744000000000000217e+00 3.406173683867587398e-02 1.249996458401796406e-01 9.280284346459075628e-01
2.760000000000000231e+00 5.050194591797126792e-02 1.874994749017009632e-01 7.188296184071754080e-01
2.776000000000000245e+00 3.328098013923923293e-02 1.249996539581655630e-01 5.697367513166408104e-01
2.792000000000000259e+00 9.870189073247920275e-02 3.749989737386532074e-01 4.695814145886241242e-01
2.808000000000000274e+00 8.131690873026919952e-02 3.124991545004903726e-01 4.085054097713968213e-01
2.823999999999999844e+00 1.607961668700185615e-02 6.249983281081143704e-02 3.783590610685089728e-01
2.839999999999999858e+00 7.949474374025990164e-02 3.124991734466073812e-01 3.727496751547471066e-01
2.855999999999999872e+00 7.860654360515167971e-02 3.124991826817444807e-01 3.866457360922593844e-01
2.871999999999999886e+00 3.109325864034382172e-02 1.249996767051866631e-01 4.163378130969471735e-01
2.887999999999999901e+00 6.149938047358339405e-02 2.499993605549356013e-01 4.589886784747312931e-01
2.903999999999999915e+00 6.082356994412928264e-02 2.499993675817312466e-01 5.124432417187821942e-01
2.919999999999999929e+00 9.023825719135328272e-02 3.749990617400111304e-01 5.751000165241227924e-01
2.935999999999999943e+00 1.933910686055071160e-01 8.124979891998297399e-01 6.457709309473855797e-01
2.951999999999999957e+00 1.618695479273451754e-01 6.874983169475415989e-01 7.235982549578863221e-01
2.967999999999999972e+00 2.038005862002684465e-01 8.749978809659919587e-01 8.083026600751825885e-01
2.983999999999999986e+00 2.880298881073968809e-01 1.249997005184621202e+00 8.999814543232766972e-01
3.000000000000000000e+00 1.994760385899167765e-01 8.749979259308463542e-01 9.992304226261440325e-01
3.016000000000000014e+00 1.268776291120207456e-01 5.624986807790044452e-01 1.106885512976092389e+00
3.032000000000000028e+00 2.231859333661986855e-01 9.999976794051790296e-01 1.223885287703301294e+00
3.048000000000000043e+00 2.208489293519294572e-01 9.999977037043764616e-01 1.351163634689812598e+00
3.064000000000000057e+00 3.824597710179320487e-01 1.749996023341853890e+00 1.489323453614975756e+00
3.080000000000000071e+00 3.109078335191840514e-01 1.437496767309238477e+00 1.638734635502653525e+00
3.096000000000000085e+00 2.140540011526505804e-01 9.999977743552176390e-01 1.799374976721256347e+00
3.112000000000000099e+00 4.899230005774353192e-01 2.312494905983728533e+00 1.970907223953746623e+00
3.128000000000000114e+00 4.324996320602959021e-01 2.062495503048126899e+00 2.152878308989215839e+00
3.144000000000000128e+00 4.281088107570558687e-01 2.062495548702045323e+00 2.344776490819239889e+00
3.160000000000000142e+00 6.677816620317265084e-01 3.249993056683094572e+00 2.546210785184267245e+00
3.176000000000000156e+00 3.813867376848560919e-01 1.874996034498797037e+00 2.756886282619053219e+00
3.192000000000000171e+00 6.544596972327683115e-01 3.249993195199326834e+00 2.976772587989175101e+00
3.208000000000000185e+00 5.856450495908436249e-01 2.937493910705557099e+00 3.205913855271241175e+00
3.224000000000000199e+00 5.921837937263244589e-01 2.999993842718403858e+00 3.444517933429689815e+00
3.240000000000000213e+00 6.596432078193199544e-01 3.374993141303370248e+00 3.692672847488798205e+00
3.256000000000000227e+00 9.434766894237247570e-01 4.874990190120457534e+00 3.950498362802018271e+00
3.272000000000000242e+00 6.707594651418392617e-01 3.499993025721180651e+00 4.217836383672509015e+00
3.288000000000000256e+00 8.777553458182997259e-01 4.624990873463721286e+00 4.494393444645125690e+00
3.304000000000000270e+00 7.165642666500822155e-01 3.812492549461806490e+00 4.779554784066972317e+00
3.320000000000000284e+00 1.012158397869382442e+00 5.437489475996557964e+00 5.072384045654661833e+00
3.336000000000000298e+00 1.048563446799559484e+00 5.687489097471924993e+00 5.371741594047315438e+00
3.351999999999999869e+00 9.016219683958767162e-01 4.937490625308539549e+00 5.676290132573419633e+00
3.367999999999999883e+00 1.243523339468469269e+00 6.874987070359754426e+00 5.984566711791652338e+00
3.383999999999999897e+00 9.294431108558516286e-01 5.187490336035861738e+00 6.295177533765009770e+00
3.399999999999999911e+00 1.209133073265220792e+00 6.812487427935496775e+00 6.607010324917628630e+00
3.415999999999999925e+00 1.373661521566393429e+00 7.812485717236866911e+00 6.919302740067378998e+00
3.431999999999999940e+00 1.208464430277265578e+00 6.937487434887801285e+00 7.231678815724533749e+00
3.447999999999999954e+00 1.337496424465262734e+00 7.749986093266654663e+00 7.544213516078892567e+00
3.463999999999999968e+00 1.303795656851526763e+00 7.624986443673287262e+00 7.857291339687645149e+00
3.479999999999999982e+00 1.461255206610552415e+00 8.624984806474069288e+00 8.171349416878095795e+00
3.495999999999999996e+00 1.280036821824716897e+00 7.624986690707705961e+00 8.486689663934749106e+00
3.512000000000000011e+00 1.486731386599996485e+00 8.937484541583371467e+00 8.803191825383548164e+00
3.528000000000000025e+00 1.370250539783613331e+00 8.312485752702883701e+00 9.120087220924391502e+00
3.544000000000000039e+00 1.745879173966630171e+00 1.068748184707196636e+01 9.435977920370214989e+00
3.560000000000000053e+00 1.436791848947494898e+00 8.874985060833983752e+00 9.748945707371566627e+00
3.576000000000000068e+00 1.734828693034453417e+00 1.081248196197043043e+01 1.005652346832326849e+01
3.592000000000000082e+00 1.550448918511581287e+00 9.749983879074756388e+00 1.035623640056451400e+01
3.608000000000000096e+00 1.753446304092736385e+00 1.112498176839228137e+01 1.064578202067520074e+01
3.624000000000000110e+00 1.884458005070614339e+00 1.206248040618671880e+01 1.092325485768147786e+01
3.640000000000000124e+00 1.693716897291144496e+00 1.093748238943385509e+01 1.118739858485400340e+01
3.656000000000000139e+00 1.717300126230504320e+00 1.118748214422522658e+01 1.143752995068140343e+01
3.672000000000000153e+00 1.921107092650899739e+00 1.262498002512486828e+01 1.167336318388628236e+01
3.688000000000000167e+00 1.895046144889861894e+00 1.256248029609562522e+01 1.189479041038604379e+01
3.704000000000000181e+00 1.645039288344828821e+00 1.099998289556348396e+01 1.210132908960096287e+01
3.720000000000000195e+00 1.816250555880330575e+00 1.224998111537962231e+01 1.229201559148947887e+01
3.736000000000000210e+00 1.910975742277844391e+00 1.299998013046628920e+01 1.246498292680489861e+01
3.752000000000000224e+00 1.785401897282278938e+00 1.224998143613108148e+01 1.261761256347818261e+01
3.768000000000000238e+00 1.923815417149485896e+00 1.331247999696478779e+01 1.274661472161259290e+01
3.784000000000000252e+00 1.925492341306370481e+00 1.343747997952891637e+01 1.284840918567352830e+01
3.800000000000000266e+00 1.882670268610667774e+00 1.324998042477486493e+01 1.291957788210894975e+01
3.816000000000000281e+00 2.051846136498693962e+00 1.456247866575450089e+01 1.295732123773264632e+01
3.832000000000000295e+00 1.921220832501943310e+00 1.374998002394213437e+01 1.295975314902013587e+01
3.847999999999999865e+00 1.853315078045100872e+00 1.337498072999800947e+01 1.292600741033435341e+01
3.863999999999999879e+00 1.588923947331052577e+00 1.156248347902760010e+01 1.285631212506857501e+01
3.879999999999999893e+00 1.967678550392263581e+00 1.443747954089393382e+01 1.275161431758941433e+01
3.895999999999999908e+00 1.681205521830884120e+00 1.243748251952204598e+01 1.261362396723466262e+01
3.911999999999999922e+00 1.793171029811720496e+00 1.337498135535088295e+01 1.244419798312376990e+01
3.927999999999999936e+00 1.662235966525400732e+00 1.249998271675940664e+01 1.224552753123844973e+01
3.943999999999999950e+00 1.624044990225701479e+00 1.231248311385333061e+01 1.201968172372037102e+01
3.959999999999999964e+00 1.488286914999374266e+00 1.137498452540970817e+01 1.176895041886607451e+01
3.975999999999999979e+00 1.622343810724692359e+00 1.249998313154151042e+01 1.149572717403424882e+01
3.991999999999999993e+00 1.392100837222130405e+00 1.081248552551284625e+01 1.120279835886135267e+01
4.008000000000000007e+00 1.508731784901738537e+00 1.181248431283230893e+01 1.089331296774640023e+01
4.024000000000000021e+00 1.385886839091547973e+00 1.093748559012303012e+01 1.057105279803349340e+01
4.040000000000000036e+00 1.249223267429782736e+00 9.937487011094459533e+00 1.024037278203269352e+01
4.056000000000000050e+00 1.223797142258479909e+00 9.812487275464466308e+00 9.906036708562698578e+00
4.072000000000000064e+00 1.229666283113282077e+00 9.937487214439784111e+00 9.573090452219821245e+00
4.088000000000000078e+00 1.066592952464902266e+00 8.687488910008534404e+00 9.246562047124102790e+00
4.104000000000000092e+00 1.088747125301080088e+00 8.937488679658788016e+00 8.931084646704125163e+00
4.120000000000000107e+00 9.216607457280999727e-01 7.624990416953548511e+00 8.630751391711170228e+00
4.136000000000000121e+00 9.820100490851275676e-01 8.187489789466765089e+00 8.348693368925514946e+00
4.152000000000000135e+00 9.000701963794338623e-01 7.562490641443081252e+00 8.087016757582048854e+00
4.168000000000000149e+00 9.079363330379847108e-01 7.687490559654341915e+00 7.846816237206954980e+00
4.184000000000000163e+00 9.449570456136847652e-01 8.062490174728393910e+00 7.628160632827848175e+00
4.200000000000000178e+00 7.560325108895692425e-01 6.499992139087328979e+00 7.430233504477385509e+00
4.216000000000000192e+00 8.152352614249657181e-01 7.062491523521714498e+00 7.251542465186662234e+00
4.232000000000000206e+00 7.088422531577274199e-01 6.187492629752139983e+00 7.090364738380780629e+00
4.248000000000000220e+00 8.740611555069300875e-01 7.687490911874395039e+00 6.944854186656462147e+00
4.264000000000000234e+00 7.052958631402802547e-01 6.249992666625867166e+00 6.813493962838613527e+00
4.280000000000000249e+00 8.050373585495453899e-01 7.187491629555363915e+00 6.695262568579089191e+00
4.296000000000000263e+00 6.114484703926308384e-01 5.499993642412256634e+00 6.589921370166536896e+00
4.312000000000000277e+00 8.827916265462621981e-01 7.999990821098575289e+00 6.497838641643020274e+00
4.328000000000000291e+00 7.256665501592830525e-01 6.624992454819969900e+00 6.419929799343504051e+00
4.344000000000000306e+00 5.572370268693384032e-01 5.124994206080399906e+00 6.357170337906938862e+00
4.360000000000000320e+00 5.531547226535381556e-01 5.124994248526554941e+00 6.310287943841421665e+00
4.376000000000000334e+00 6.696550182111573601e-01 6.249993037204643720e+00 6.279258924971364841e+00
4.392000000000000348e+00 6.514891250128419520e-01 6.124993226086110631e+00 6.263037270729259198e+00
4.408000000000000362e+00 6.137698319932411994e-01 5.812493618275714979e+00 6.259594119449267247e+00
4.424000000000000377e+00 5.765781765156844374e-01 5.499994004979151363e+00 6.266069233603383637e+00
4.440000000000000391e+00 7.675767920933873611e-01 7.374992019054743331e+00 6.279023575027865789e+00
4.456000000000000405e+00 7.233249236627617984e-01 6.999992479167227444e+00 6.295102062650291153e+00
4.472000000000000419e+00 6.540370588329461610e-01 6.374993199593821380e+00 6.311194772188133406e+00
4.488000000000000433e+00 5.920835978270365674e-01 5.812493843760127454e+00 6.325132832985854492e+00
4.504000000000000448e+00 6.890258502490976822e-01 6.812492835794839330e+00 6.335658494997736589e+00
4.520000000000000462e+00 6.088364560104383427e-01 6.062493669570980792e+00 6.342492565599254561e+00
4.536000000000000476e+00 6.357112071946224852e-01 6.374993390138333105e+00 6.346431781554634277e+00
4.552000000000000490e+00 5.879290093860375377e-01 5.937493886957867062e+00 6.348974292365801020e+00
4.568000000000000504e+00 7.067266102149346585e-01 7.187492651749598949e+00 6.352367852009916938e+00
4.584000000000000519e+00 6.712885884452834961e-01 6.874993020219593021e+00 6.359188321887513595e+00
4.600000000000000533e+00 5.272412603768619199e-01 5.437494517963926910e+00 6.372234132190413014e+00
4.616000000000000547e+00 5.958122081362364764e-01 6.187493804991563096e+00 6.394075518141796088e+00
4.631999999999999673e+00 6.036567742578692330e-01 6.312493723427105685e+00 6.426914683210698698e+00
4.647999999999999687e+00 5.520221688688404793e-01 5.812494260302325522e+00 6.472045200006156129e+00
4.663999999999999702e+00 5.954017441301681091e-01 6.312493809259476230e+00 6.529843903595475396e+00
4.679999999999999716e+00 6.147568945034193044e-01 6.562493608012627710e+00 6.599467103177771854e+00
4.695999999999999730e+00 6.396498858048320635e-01 6.874993349185687386e+00 6.678866105119888097e+00
4.711999999999999744e+00 5.486796622024877612e-01 5.937494295056326088e+00 6.765125306261619897e+00
4.727999999999999758e+00 5.793916896348286771e-01 6.312493975725356421e+00 6.854766689298211091e+00
4.743999999999999773e+00 6.951464295092839585e-01 7.624992772155597009e+00 6.944168159216251190e+00
4.759999999999999787e+00 6.678423123491059599e-01 7.374993056052518980e+00 7.030168739870202188e+00
4.775999999999999801e+00 8.095425637460514912e-01 8.999991582711967197e+00 7.110431673086726079e+00
4.791999999999999815e+00 5.528501229463865796e-01 6.187494251693584246e+00 7.183883311762267354e+00
4.807999999999999829e+00 6.157435881580402004e-01 6.937493597753409347e+00 7.250683342047038238e+00
4.823999999999999844e+00 7.218758906443226708e-01 8.187492494233618245e+00 7.312176583151766884e+00
4.839999999999999858e+00 5.857319268565548409e-01 6.687493909802300074e+00 7.370752509160576338e+00
4.855999999999999872e+00 6.634501853877211586e-01 7.624993101719863553e+00 7.429638775224269409e+00
4.871999999999999886e+00 5.996726851557269145e-01 6.937493764852034950e+00 7.492312828800677948e+00
4.887999999999999901e+00 6.601590287409486724e-01 7.687493135940076883e+00 7.562432761947971649e+00
4.903999999999999915e+00 6.771870600158054199e-01 7.937492958889620809e+00 7.643323073936308276e+00
4.919999999999999929e+00 6.304092998154208205e-01 7.437493445265515923e+00 7.737883546810739865e+00
4.935999999999999943e+00 6.000126506854283059e-01 7.124993761317127472e+00 7.848155564294777342e+00
4.951999999999999957e+00 6.536640513122153884e-01 7.812493203472219427e+00 7.975056721932496373e+00
4.967999999999999972e+00 6.598518055224812384e-01 7.937493139134343068e+00 8.118408737213393067e+00
4.983999999999999986e+00 6.091605991563675548e-01 7.374993666200600373e+00 8.276543471108467998e+00
5.000000000000000000e+00 6.770796952805959723e-01 8.249992960005991804e+00 8.446836053820724999e+00
5.016000000000000014e+00 6.421867776384293514e-01 7.874993322808077956e+00 8.625806027458601477e+00
5.032000000000000028e+00 7.596540654921997149e-01 9.374992101431780966e+00 8.809631859928268582e+00
5.048000000000000043e+00 8.303307589162627345e-01 1.031249136656525245e+01 8.994761362751686917e+00
5.064000000000000057e+00 7.500837240740602097e-01 9.374992200940159393e+00 9.178404152170353214e+00
5.080000000000000071e+00 7.453662319747469400e-01 9.374992249990961923e+00 9.358984994039474259e+00
5.096000000000000085e+00 7.209412886819148714e-01 9.124992503951339984e+00 9.536354805903821230e+00
5.112000000000000099e+00 7.802276153030613948e-01 9.937491887516735289e+00 9.711705473893186280e+00
5.128000000000000114e+00 8.290081004472052983e-01 1.062499138031738788e+01 9.887544797863117907e+00
5.144000000000000128e+00 7.172419515624164355e-01 9.249992542415499841e+00 1.006705184030608535e+01
5.160000000000000142e+00 6.790872859573070519e-01 8.812492939131809422e+00 1.025404552056359364e+01
5.176000000000000156e+00 8.759280755620414416e-01 1.143749089246285244e+01 1.045243220446964472e+01
5.192000000000000171e+00 8.134533223340058017e-01 1.068749154204979135e+01 1.066576061686320465e+01
5.208000000000000185e+00 8.604692075296823672e-01 1.137499105319784931e+01 1.089715669032327838e+01
5.224000000000000199e+00 7.518298157161569240e-01 9.999992182785078398e+00 1.114872674085434490e+01
5.240000000000000213e+00 7.799374925233979461e-01 1.043749189053328763e+01 1.142154440690869066e+01
5.256000000000000227e+00 8.169732890037810780e-01 1.099999150545049709e+01 1.171536370638475333e+01
5.272000000000000242e+00 8.212494731085046018e-01 1.112499146098820724e+01 1.202882185670777382e+01
5.288000000000000256e+00 1.077682612975418674e+00 1.468748879470302704e+01 1.235941268033248974e+01
5.304000000000000270e+00 7.794620734192226896e-01 1.068749189547646772e+01 1.270404652011046132e+01
5.320000000000000284e+00 9.197688223909314953e-01 1.268749043662508136e+01 1.305934244478923389e+01
5.336000000000000298e+00 1.026854990069449691e+00 1.424998932318737310e+01 1.342235708414145634e+01
5.352000000000000313e+00 1.043108840665699422e+00 1.456248915418687595e+01 1.379080550564212082e+01
5.368000000000000327e+00 1.019099021586102216e+00 1.431248940383057011e+01 1.416346309597194875e+01
5.384000000000000341e+00 1.017474777360236393e+00 1.437498942071905894e+01 1.454035627821115106e+01
5.400000000000000355e+00 1.033442369691241813e+00 1.468748925469446931e+01 1.492227871276101503e+01
5.416000000000000369e+00 1.031717064775095061e+00 1.474998927263372117e+01 1.531064024679448288e+01
5.432000000000000384e+00 1.047377992280756898e+00 1.506248910979798161e+01 1.570677621631599763e+01
5.448000000000000398e+00 1.162208395056371968e+00 1.681248791583865199e+01 1.611133727025942619e+01
5.464000000000000412e+00 1.099574125595123686e+00 1.599998856708421435e+01 1.652384478310197125e+01
5.480000000000000426e+00 1.178565963570938235e+00 1.724998774575938043e+01 1.694224320523109029e+01
5.496000000000000441e+00 1.158977835067754869e+00 1.706248794942899849e+01 1.736262583058804410e+01
5.512000000000000455e+00 1.072065282161744904e+00 1.587498885310955465e+01 1.777949597492687417e+01
5.528000000000000469e+00 1.258899673607171588e+00 1.874998691048300614e+01 1.818622741219959593e+01
5.544000000000000483e+00 1.305881685325857688e+00 1.956248642198369581e+01 1.857540744066137606e+01
5.560000000000000497e+00 1.385488170568069499e+00 2.087498559426844480e+01 1.893987485799294035e+01
5.576000000000000512e+00 1.249692140470163526e+00 1.893748700621904035e+01 1.927327388213705817e+01
5.592000000000000526e+00 1.377878405399223682e+00 2.099998567339132194e+01 1.957069711566497361e+01
5.608000000000000540e+00 1.321097722421993970e+00 2.024998626377344735e+01 1.982902180578305362e+01
5.624000000000000554e+00 1.370351632399727126e+00 2.112498575165160730e+01 2.004692265846052024e+01
5.639999999999999680e+00 1.229553918643264687e+00 1.906248721560831072e+01 2.022484279853952316e+01
5.655999999999999694e+00 1.427043280431950389e+00 2.224998516219528355e+01 2.036431785344264611e+01
5.671999999999999709e+00 1.319354490594083051e+00 2.068748628189874594e+01 2.046792325210051189e+01
5.687999999999999723e+00 1.232670961776828111e+00 1.943748718319836044e+01 2.053866849548986906e+01
5.703999999999999737e+00 1.414950895232234940e+00 2.243748528792759345e+01 2.057989802619313124e+01
5.719999999999999751e+00 1.250272216590081698e+00 1.993748700018727149e+01 2.059497745157133863e+01
5.735999999999999766e+00 1.332949749219366931e+00 2.137498614054127088e+01 2.058738199076836040e+01
5.751999999999999780e+00 1.341047936284406994e+00 2.162498605633944848e+01 2.056061350451547654e+01
5.767999999999999794e+00 1.244967397640899032e+00 2.018748705534500942e+01 2.051798982551845185e+01
5.783999999999999808e+00 1.234256048950551188e+00 2.012498716671727905e+01 2.046269398643593718e+01
5.799999999999999822e+00 1.257951552605662604e+00 2.062498692034117198e+01 2.039763358879324073e+01
5.815999999999999837e+00 1.175219157517092272e+00 1.937498778055805104e+01 2.032527598007318659e+01
5.831999999999999851e+00 1.206482184924719148e+00 1.999998745549827817e+01 2.024771720056595825e+01
5.847999999999999865e+00 1.304879725273458302e+00 2.174998643240186169e+01 2.016649431187801156e+01
5.863999999999999879e+00 1.197079732301141952e+00 2.006248755326098632e+01 2.008258848219536219e+01
5.879999999999999893e+00 1.164611209962200356e+00 1.962498789085523754e+01 1.999666109047032236e+01
5.895999999999999908e+00 1.191498621570763250e+00 2.018748761129124247e+01 1.990878010575577761e+01
5.911999999999999922e+00 1.159375730430142637e+00 1.974998794529173196e+01 1.981860282657120820e+01
5.927999999999999936e+00 1.116634420730491239e+00 1.912498838969827730e+01 1.972522568085701167e+01
5.943999999999999950e+00 1.121519563820611687e+00 1.931248833890454009e+01 1.962777903111619793e+01
5.959999999999999964e+00 1.093845756530738900e+00 1.893748862664541122e+01 1.952532556351711079e+01
5.975999999999999979e+00 1.134676038399852871e+00 1.974998820210866768e+01 1.941759141755106910e+01
5.991999999999999993e+00 1.232200741453726378e+00 2.156248718808692999e+01 1.930512548224446334e+01
6.008000000000000007e+00 1.119068541364943936e+00 1.968748836438988903e+01 1.918979551789984583e+01
6.024000000000000021e+00 1.123733107923071906e+00 1.987498831588873571e+01 1.907434417570998875e+01
6.040000000000000036e+00 9.771852497955909600e-01 1.737498983963281063e+01 1.896239741693206682e+01
6.056000000000000050e+00 9.475530708242493327e-01 1.693749014773593586e+01 1.885808902841121082e+01
6.072000000000000064e+00 1.064299572133188265e+00 1.912498893385405552e+01 1.876506688327870620e+01
6.088000000000000078e+00 1.013734719628406333e+00 1.831248945960671293e+01 1.868640321602613596e+01
6.104000000000000092e+00 1.029077606924017729e+00 1.868748930007726372e+01 1.862415436307726324e+01
6.120000000000000107e+00 9.860425002666500793e-01 1.799998974753900782e+01 1.857914571012883442e+01
6.136000000000000121e+00 9.945305804658515214e-01 1.824998965928327266e+01 1.855144383004979503e+01
6.152000000000000135e+00 1.070681804926059799e+00 1.974998886749433424e+01 1.854039686188994907e+01
6.168000000000000149e+00 1.021315429445904588e+00 1.893748938078580935e+01 1.854496922644236889e+01
6.184000000000000163e+00 9.087330533292280466e-01 1.693749055137004689e+01 1.856384248727790620e+01
6.200000000000000178e+00 9.474165308326730761e-01 1.774999014915558604e+01 1.859579390382701192e+01
6.216000000000000192e+00 9.724149052624350142e-01 1.831248988923273657e+01 1.863927279612312304e+01
6.232000000000000206e+00 1.030162423249014969e+00 1.949998928879827886e+01 1.869267999391443524e+01
6.248000000000000220e+00 9.591947885688958397e-01 1.824999002669018111e+01 1.875434189785505978e+01
6.264000000000000234e+00 1.065418181950190668e+00 2.037498892222365754e+01 1.882241926912624663e+01
6.280000000000000249e+00 9.591990318077338040e-01 1.843749002664588232e+01 1.889512897595857410e+01
6.296000000000000263e+00 8.993347228629617884e-01 1.737499064909039248e+01 1.897080717283327900e+01
6.312000000000000277e+00 9.559352457104066669e-01 1.856249006058115825e+01 1.904801605876718185e+01
6.328000000000000291e+00 1.098416848393506173e+00 2.143748857911733197e+01 1.912575013322737050e+01
6.344000000000000306e+00 9.622470808875536186e-01 1.887498999495331375e+01 1.920368850116340909e+01
6.360000000000000320e+00 9.225390678109787190e-01 1.818749040782150317e+01 1.928225446020339362e+01
6.376000000000000334e+00 1.009390869045760919e+00 1.999998950477225890e+01 1.936265792895371973e+01
6.392000000000000348e+00 9.666810280447661885e-01 1.924998994885081061e+01 1.944703423281805854e+01
6.408000000000000362e+00 9.837201337193725026e-01 1.968748977168582925e+01 1.953791984287906658e+01
6.424000000000000377e+00 1.053403233921573978e+00 2.118748904714999171e+01 1.963819675433645529e+01
6.440000000000000391e+00 8.966692529468276440e-01 1.812499067680466069e+01 1.975032557579820747e+01
6.456000000000000405e+00 9.476101173925844945e-01 1.924999014714305190e+01 1.987587397435851244e+01
6.472000000000000419e+00 9.123159418688728817e-01 1.862499051411669271e+01 2.001501717624228505e+01
6.488000000000000433e+00 9.900740930466492840e-01 2.031248970562030820e+01 2.016638046384626293e+01
6.504000000000000448e+00 9.033607520706029570e-01 1.862499060722933564e+01 2.032725737113892350e+01
6.520000000000000462e+00 1.073892543035178004e+00 2.224998883411022277e+01 2.049378400741800377e+01
6.536000000000000476e+00 1.041625033989756366e+00 2.168748916961492057e+01 2.066167919591254432e+01
6.552000000000000490e+00 1.012646679588196763e+00 2.118748947091987844e+01 2.082701189010001031e+01
6.568000000000000504e+00 1.025554702218840042e+00 2.156248933670660861e+01 2.098669119496644697e+01
6.584000000000000519e+00 9.436632952808156061e-01 1.993749018818040142e+01 2.113898728828528206e+01
6.600000000000000533e+00 9.861953748420363430e-01 2.093748974594933898e+01 2.128348327924266670e+01
6.616000000000000547e+00 1.042953705297621436e+00 2.224998915579974224e+01 2.142109427136108124e+01
6.632000000000000561e+00 1.058336117595414461e+00 2.268748899585992262e+01 2.155350950652386288e+01
6.648000000000000576e+00 1.003922310360311432e+00 2.162498956163180353e+01 2.168278680907828715e+01
6.664000000000000590e+00 9.442430683595909313e-01 2.043749018215164881e+01 2.181094322288657494e+01
6.679999999999999716e+00 1.034559817520821934e+00 2.249998924307603332e+01 2.193975919574484834e+01
6.695999999999999730e+00 9.066390146287401919e-01 1.981249057314355255e+01 2.207016755154273824e+01
6.711999999999999744e+00 1.093033219430531000e+00 2.399998863509350855e+01 2.220271102100339888e+01
6.727999999999999758e+00 1.019850630335069619e+00 2.249998939601609038e+01 2.233742008834467896e+01
6.743999999999999773e+00 1.003739254937336289e+00 2.224998956353479684e+01 2.247406029713424402e+01
6.759999999999999787e+00 1.041085872437873316e+00 2.318748917522074748e+01 2.261233619449346932e+01
6.775999999999999801e+00 1.038968023943148022e+00 2.324998919724141899e+01 2.275217749728368233e+01
6.791999999999999815e+00 9.951618286771898303e-01 2.237498965271919715e+01 2.289344013248418719e+01
6.807999999999999829e+00 9.462220192124597418e-01 2.137499016157602227e+01 2.303624373541410009e+01
6.823999999999999844e+00 1.040925871354194454e+00 2.362498917688462541e+01 2.318065896014212157e+01
6.839999999999999858e+00 1.030579932488655759e+00 2.349998928445631208e+01 2.332696908586152418e+01
6.855999999999999872e+00 1.047600380692255584e+00 2.399998910748558600e+01 2.347530489347505522e+01
6.871999999999999886e+00 1.067166763092581405e+00 2.456248890404222252e+01 2.362598044786274443e+01
6.887999999999999901e+00 1.010860829639715908e+00 2.337498948948848465e+01 2.377909512020596594e+01
6.903999999999999915e+00 9.954196334352005682e-01 2.312498965003911167e+01 2.393457941053104321e+01
6.919999999999999929e+00 1.017600829611952085e+00 2.374998941940840425e+01 2.409228851039037878e+01
6.935999999999999943e+00 1.028904771603907253e+00 2.412498930187501855e+01 2.425146129985384746e+01
6.951999999999999957e+00 1.053360494228501310e+00 2.481248904759381091e+01 2.441117726572519331e+01
6.967999999999999972e+00 1.037964054212419329e+00 2.456248920768021549e+01 2.457015788071642248e+01
6.983999999999999986e+00 1.004294188783245945e+00 2.387498955776505483e+01 2.472706100692176889e+01
7.000000000000000000e+00 1.104389884163757163e+00 2.637498851701176861e+01 2.488049769254621779e+01
7.016000000000000014e+00 1.005574366119302399e+00 2.412498954445495514e+01 2.502943020694627663e+01
7.032000000000000028e+00 1.120294163677140631e+00 2.699998835164538846e+01 2.517317012871264481e+01
7.048000000000000043e+00 1.058420194519728019e+00 2.562498899498536531e+01 2.531109179744709081e+01
7.064000000000000057e+00 1.015083496509322281e+00 2.468748944558260305e+01 2.544307593742676943e+01
7.080000000000000071e+00 9.618943701270060709e-01 2.349998999862085824e+01 2.556861553923331343e+01
7.096000000000000085e+00 1.054336354409481480e+00 2.587498903744729617e+01 2.568723014711071784e+01
7.112000000000000099e+00 1.085091416512336426e+00 2.674998871766954878e+01 2.579829335119181621e+01
7.128000000000000114e+00 1.118083915758500524e+00 2.768748837462674928e+01 2.590100095478744180e+01
7.144000000000000128e+00 1.030165547911970458e+00 2.562498928876580351e+01 2.599472896541865907e+01
7.160000000000000142e+00 1.038073512011452593e+00 2.593748920654190471e+01 2.607892323604216500e+01
7.176000000000000156e+00 1.028469104284436941e+00 2.581248930640452954e+01 2.615358737458577565e+01
7.192000000000000171e+00 1.073481582969431081e+00 2.706248883838291874e+01 2.621892921392394271e+01
7.208000000000000185e+00 1.041571180624875526e+00 2.637498917017492417e+01 2.627548807980377887e+01
7.224000000000000199e+00 9.607874982322163193e-01 2.443749001012993816e+01 2.632420850210574770e+01
7.240000000000000213e+00 1.108222927956415971e+00 2.831248847715736972e+01 2.636606695906825948e+01
7.256000000000000227e+00 1.003480020693215069e+00 2.574998956623018032e+01 2.640249628702837725e+01
7.272000000000000242e+00 1.047567627913343236e+00 2.699998910782628769e+01 2.643535031730433360e+01
7.288000000000000256e+00 1.021244435426562625e+00 2.643748938152365469e+01 2.646684652799985216e+01
7.304000000000000270e+00 1.060042127097229558e+00 2.756248897812181298e+01 2.649966027678216562e+01
7.320000000000000284e+00 9.572908204511220154e-01 2.499999004648670820e+01 2.653685491188870671e+01
7.336000000000000298e+00 1.029369195251692570e+00 2.699998929704577222e+01 2.658120255121587761e+01
7.352000000000000313e+00 1.020148805910084056e+00 2.687498939291582545e+01 2.663522503868704305e+01
7.368000000000000327e+00 9.259614367500804688e-01 2.449999037223631504e+01 2.670024366198507693e+01
7.384000000000000341e+00 1.067772041295407481e+00 2.837498889774892064e+01 2.677631505272472623e+01
7.400000000000000355e+00 9.507550985823330914e-01 2.537499011444266017e+01 2.686175795007719103e+01
7.416000000000000369e+00 9.793003682270066124e-01 2.624998981764098716e+01 2.695329731977676602e+01
7.432000000000000384e+00 1.051702413222149746e+00 2.831248906483369865e+01 2.704607107839867552e+01
7.448000000000000398e+00 9.870851315905904144e-01 2.668748973669848112e+01 2.713442979106655883e+01
7.464000000000000412e+00 1.049609258766327269e+00 2.849998908659737040e+01 2.721252045054549029e+01
7.480000000000000426e+00 9.649059238089867652e-01 2.631248996730830214e+01 2.727501354045238102e+01
7.496000000000000441e+00 1.033820451941154683e+00 2.831248925076331346e+01 2.731820094486589312e+01
7.512000000000000455e+00 1.024876316567770784e+00 2.818748934376057136e+01 2.734027067512457521e+01
7.528000000000000469e+00 9.775311390141189216e-01 2.699998983603665437e+01 2.734217284504599377e+01
7.544000000000000483e+00 1.086049835438205324e+00 3.012498870770374637e+01 2.732754779046138793e+01
7.560000000000000497e+00 9.580548197635520014e-01 2.668749003854312107e+01 2.730226007534429300e+01
7.576000000000000512e+00 9.428412949830095036e-01 2.637499019672738854e+01 2.727357254054412294e+01
7.592000000000000526e+00 9.944917889122233401e-01 2.793748965968633513e+01 2.724940864093187542e+01
7.608000000000000540e+00 9.371420764989889518e-01 2.643749025598494029e+01 2.723683453108456831e+01
7.624000000000000554e+00 8.559965791238397514e-01 2.424999109970286071e+01 2.724113600180585948e+01
7.640000000000000568e+00 9.864287085387746234e-01 2.806248974352288883e+01 2.726480206496174574e+01
7.656000000000000583e+00 9.144890556201394904e-01 2.612499049152148345e+01 2.730762279637035306e+01
7.672000000000000597e+00 9.607878046051568921e-01 2.756249001012681887e+01 2.736646301044412866e+01
7.687999999999999723e+00 9.741496370933829807e-01 2.806248987119614924e+01 2.743655579765986730e+01
7.703999999999999737e+00 9.420197824220408744e-01 2.724999020526821525e+01 2.751207065888405623e+01
7.719999999999999751e+00 9.295124878644599464e-01 2.699999033531479142e+01 2.758756809541442223e+01
7.735999999999999766e+00 1.022095650631709596e+00 2.981248937267342924e+01 2.765890255649721396e+01
7.751999999999999780e+00 9.752023877159644583e-01 2.856248986024964154e+01 2.772382191880800661e+01
7.767999999999999794e+00 9.350618261050993585e-01 2.749999027761423065e+01 2.778229213925297714e+01
7.783999999999999808e+00 9.672007637237025612e-01 2.856248994344718994e+01 2.783620047000058761e+01
7.799999999999999822e+00 8.409879559281709938e-01 2.493749125575655867e+01 2.788881440231889286e+01
7.815999999999999837e+00 1.024369896113481060e+00 3.049998934902616554e+01 2.794402888561121401e+01
7.831999999999999851e+00 8.738502428912471309e-01 2.612499091406731111e+01 2.800559564064322515e+01
7.847999999999999865e+00 8.869470591662578229e-01 2.662499077789179580e+01 2.807680585567042542e+01
7.863999999999999879e+00 9.642108886275142510e-01 2.906248997453489835e+01 2.816003732700569628e+01
7.879999999999999893e+00 9.892115245908587040e-01 2.993748971458862584e+01 2.825640079702264629e+01
7.895999999999999908e+00 9.214458623199857090e-01 2.799999041918746201e+01 2.836628112740492114e+01
7.911999999999999922e+00 8.562681984208746488e-01 2.612499109687852794e+01 2.848887208081157141e+01
7.927999999999999936e+00 9.242235059049603851e-01 2.831249039030724646e+01 2.862278246938802084e+01
7.943999999999999950e+00 9.936569613889025820e-01 3.056248966836632164e+01 2.876606804998814937e+01
7.959999999999999964e+00 9.046643564845616714e-01 2.793749059367515741e+01 2.891630831819541214e+01
7.975999999999999979e+00 9.534478475281881193e-01 2.956249008644427789e+01 2.907095998779160340e+01
7.991999999999999993e+00 8.813728390728381434e-01 2.743749083585216297e+01 2.922779205041837258e+01
8.007999999999999119e+00 9.898358148225910869e-01 3.093748970809802401e+01 2.938495520163699481e+01
8.023999999999999133e+00 9.141909964429080215e-01 2.868749049462040190e+01 2.954135194250866547e+01
8.039999999999999147e+00 1.031566763464578873e+00 3.249998927419708394e+01 2.969687897161022150e+01
8.055999999999999162e+00 9.267018350458998688e-01 2.931249036453718659e+01 2.985200397416657125e+01
8.071999999999999176e+00 9.151593946959962755e-01 2.906249048455213568e+01 3.000799428711279049e+01
8.087999999999999190e+00 9.350658374727687239e-01 2.981249027757369774e+01 3.016621617664034360e+01
8.103999999999999204e+00 8.903731910951560025e-01 2.849999074226781559e+01 3.032785701783235766e+01
8.119999999999999218e+00 9.977262630387456754e-01 3.206248962605576480e+01 3.049360277170688960e+01
8.135999999999999233e+00 9.647472762426880788e-01 3.112498996895849146e+01 3.066349503042560087e+01
8.151999999999999247e+00 9.223710283906028096e-01 2.987499040956797103e+01 3.083683051197005653e+01
8.167999999999999261e+00 9.226051584348007317e-01 2.999999040713467124e+01 3.101301994764528303e+01
8.183999999999999275e+00 1.016645118017729166e+00 3.318748942934404766e+01 3.119125456826533593e+01
8.199999999999999289e+00 9.478394583396233530e-01 3.106249014475825376e+01 3.137132986468823503e+01
8.215999999999999304e+00 9.840450916563550088e-01 3.237498976830750763e+01 3.155366123220709795e+01
8.231999999999999318e+00 9.196692108034096869e-01 3.037499043766065654e+01 3.173954237543645007e+01
8.247999999999999332e+00 9.632293284577800874e-01 3.193748998474015366e+01 3.193060681286217317e+01
8.263999999999999346e+00 9.914239544913457935e-01 3.299998969158492201e+01 3.212864454557520588e+01
8.279999999999999361e+00 9.445757842945932126e-01 3.156249017869366469e+01 3.233511573710563880e+01
8.295999999999999375e+00 9.614314364503750987e-01 3.224999000343331090e+01 3.255061689766780120e+01
8.311999999999999389e+00 9.410289715016724177e-01 3.168749021557085044e+01 3.277438746810095438e+01
8.327999999999999403e+00 9.817913300426587275e-01 3.318748979174094416e+01 3.300453319437283994e+01
8.343999999999999417e+00 9.485598611196257579e-01 3.218749013726717578e+01 3.323781735527011705e+01
8.359999999999999432e+00 1.049517246122768421e+00 3.574998908755576821e+01 3.347075451541247304e+01
8.375999999999999446e+00 9.340146084779883395e-01 3.193749028850259464e+01 3.369966475580667975e+01
8.391999999999999460e+00 1.043349418138249662e+00 3.581248915168524150e+01 3.392182068133005401e+01
8.407999999999999474e+00 9.849643926284047390e-01 3.393748975874823515e+01 3.413570967916318466e+01
8.423999999999999488e+00 9.938757191731313334e-01 3.437498966609178552e+01 3.434160370869454937e+01
8.439999999999999503e+00 1.056718513089215827e+00 3.668748901267960605e+01 3.454110486221681242e+01
8.455999999999999517e+00 1.004301674901075581e+00 3.499998955768705855e+01 3.473715074393935254e+01
8.471999999999999531e+00 9.236868438086974775e-01 3.231249039588796279e+01 3.493323542554963268e+01
8.487999999999999545e+00 9.611454792568283612e-01 3.374999000640674751e+01 3.513276670977499805e+01
8.503999999999999559e+00 9.929963085270844259e-01 3.499998967523662685e+01 3.533845676216348863e+01
8.519999999999999574e+00 1.065232070570846901e+00 3.768748892415857910e+01 3.555213608225759714e+01
8.535999999999999588e+00 9.855651202840232106e-01 3.499998975250096578e+01 3.577464212253270404e+01
8.551999999999999602e+00 1.034481524474776037e+00 3.687498924389050359e+01 3.600581142887448038e+01
8.567999999999999616e+00 9.869511197448140871e-01 3.531248973809177727e+01 3.624490293106494221e+01
8.583999999999999631e+00 9.989381212391501563e-01 3.587498961345589521e+01 3.649050265381413283e+01
8.599999999999999645e+00 1.024699893967720099e+00 3.693748934559461361e+01 3.674097067479935674e+01
8.615999999999999659e+00 1.024352486844886778e+00 3.706248934920706262e+01 3.699418813155888586e+01
8.631999999999999673e+00 1.025721621385954796e+00 3.724998933497175813e+01 3.724766953529039881e+01
8.647999999999999687e+00 1.061366562448740058e+00 3.868748896434976103e+01 3.749839382337067661e+01
8.663999999999999702e+00 9.788673647401977540e-01 3.581248982214289356e+01 3.774267601790012350e+01
8.679999999999999716e+00 1.043343078592283257e+00 3.831248915175196146e+01 3.797684448448024597e+01
8.695999999999999730e+00 1.070031130201407610e+00 3.943748887425917360e+01 3.819691022271532432e+01
8.711999999999999744e+00 1.025555277064254867e+00 3.793748933670175916e+01 3.839969553277665426e+01
8.727999999999999758e+00 1.021798668535851107e+00 3.793748937576142310e+01 3.858286311850320516e+01
8.743999999999999773e+00 1.147207350011217430e+00 4.274998807181282956e+01 3.874589395583515028e+01
8.759999999999999787e+00 1.004320614595841432e+00 3.756248955749025242e+01 3.889015952883401894e+01
8.775999999999999801e+00 1.062266700081581083e+00 3.987498895499128793e+01 3.901920214426221634e+01
8.791999999999999815e+00 1.023566169882747179e+00 3.856248935738271655e+01 3.913848287434144879e+01
8.807999999999999829e+00 1.044644651554317294e+00 3.949998913821929847e+01 3.925488218454806599e+01
8.823999999999999844e+00 1.019449622314114956e+00 3.868748940018403459e+01 3.937567952741036237e+01
8.839999999999999858e+00 1.050223092831219063e+00 3.999998908021517963e+01 3.950806723064857806e+01
8.855999999999999872e+00 1.007190489929427502e+00 3.849998952765143656e+01 3.965781438965080952e+01
8.871999999999999886e+00 1.008448450883491443e+00 3.868748951457055796e+01 3.982882645059854809e+01
8.887999999999999901e+00 1.038910182760604650e+00 3.999998919784346896e+01 4.002244150807099743e+01
8.903999999999999915e+00 1.012535250775657536e+00 3.912498947207701860e+01 4.023740856868260352e+01
8.919999999999999929e+00 1.052421215222230977e+00 4.081248905736092070e+01 4.046975370289853657e+01
8.935999999999999943e+00 1.002084608360292561e+00 3.899998958073948785e+01 4.071385459400681839e+01
8.951999999999999957e+00 1.086515058475900242e+00 4.243748870286741237e+01 4.096250615601283585e+01
8.967999999999999972e+00 1.117719793225236735e+00 4.381248837841315691e+01 4.120791743285413133e+01
8.983999999999999986e+00 9.882276966972760590e-01 3.887498972481694892e+01 4.144257075187737627e+01
9.000000000000000000e+00 1.095537377368398069e+00 4.324998860905644449e+01 4.165961550985768724e+01
9.016000000000000014e+00 1.049059119351512637e+00 4.156248909231819511e+01 4.185347756145242926e+01
9.032000000000000028e+00 1.061065122930339832e+00 4.218748896748494559e+01 4.202030280159157627e+01
9.048000000000000043e+00 1.088643655080694161e+00 4.343748868073517144e+01 4.215833736393967968e+01
9.064000000000000057e+00 1.069194960619964663e+00 4.281248888295264265e+01 4.226778461363527839e+01
9.080000000000000071e+00 1.066985566073806568e+00 4.287498890592687673e+01 4.235103429397295116e+01
9.096000000000000085e+00 1.084933858478483559e+00 4.374998871930752387e+01 4.241230049557312043e+01
9.112000000000000099e+00 1.031704124834697422e+00 4.174998927276792671e+01 4.245675995150870108e+01
9.128000000000000114e+00 1.068105950549182559e+00 4.337498889427664750e+01 4.249034421348142843e+01
9.144000000000000128e+00 9.984232393784284731e-01 4.068748961880858417e+01 4.251877427885101923e+01
9.160000000000000142e+00 1.053014623259854510e+00 4.306248905119007730e+01 4.254699185836248887e+01
9.176000000000000156e+00 1.006701643922712774e+00 4.131248953273465219e+01 4.257856105969160865e+01
9.192000000000000171e+00 9.849876696881821880e-01 4.056248975850674299e+01 4.261586537291535137e+01
9.208000000000000185e+00 1.075338285494749746e+00 4.443748881907781367e+01 4.265980601690851159e+01
9.224000000000000199e+00 1.112305033410543986e+00 4.612498843471228582e+01 4.271042759990893245e+01
9.239999999999998437e+00 9.582589096514154692e-01 3.987499003642087558e+01 4.276744820235560240e+01
9.255999999999998451e+00 1.061220603785171468e+00 4.431248896586878061e+01 4.282996729258624669e+01
9.271999999999998465e+00 1.009829266599384434e+00 4.231248950021325328e+01 4.289736636173051920e+01
9.287999999999998479e+00 9.409475749247305787e-01 3.956249021641875174e+01 4.296894700081561069e+01
9.303999999999998494e+00 1.045854883714897987e+00 4.412498912563272313e+01 4.304410816405356854e+01
9.319999999999998508e+00 1.034885554193116342e+00 4.381248923968874465e+01 4.312248546840655195e+01
9.335999999999998522e+00 1.079892452103673461e+00 4.587498877172608047e+01 4.320316980880626545e+01
9.351999999999998536e+00 1.007288493576243615e+00 4.293748952663130325e+01 4.328539011389591451e+01
9.367999999999998550e+00 9.994670249287713748e-01 4.274998960795632996e+01 4.336787180491710103e+01
9.383999999999998565e+00 9.378124675451874337e-01 4.024999024901558897e+01 4.344911795858242698e+01
9.399999999999998579e+00 1.024601829820384058e+00 4.412498934661442718e+01 4.352750489386016142e+01
9.415999999999998593e+00 1.035586204281101486e+00 4.474998923240333681e+01 4.360154089221113338e+01
9.431999999999998607e+00 1.024868513076249155e+00 4.443748934384266391e+01 4.367032823654629681e+01
9.447999999999998622e+00 9.926688925240524375e-01 4.318748967863994892e+01 4.373387875073095188e+01
9.463999999999998636e+00 1.026539882858395147e+00 4.481248932646371230e+01 4.379344576453686244e+01
9.479999999999998650e+00 1.047334766547801888e+00 4.587498911024757575e+01 4.385139034069182173e+01
9.495999999999998664e+00 9.826588523540426001e-01 4.318748978272029149e+01 4.391083361568137633e+01
9.511999999999998678e+00 1.007701843933306307e+00 4.443748952233433158e+01 4.397484367159005103e+01
9.527999999999998693e+00 9.308678986226490704e-01 4.118749032122149600e+01 4.404574833144936719e+01
9.543999999999998707e+00 8.897384385263232831e-01 3.949999074886837747e+01 4.412459813279707532e+01
9.559999999999998721e+00 1.062150925142188340e+00 4.731248895619469153e+01 4.421106525020530142e+01
9.575999999999998735e+00 1.002667684303357287e+00 4.481248957467683880e+01 4.430369651039004708e+01
9.591999999999998749e+00 1.021625611563758751e+00 4.581248937756036099e+01 4.439998563009244492e+01
9.607999999999998764e+00 1.036284438257089713e+00 4.662498922514308219e+01 4.449778875806651968e+01
9.623999999999998778e+00 9.400797196175705306e-01 4.243749022544145078e+01 4.459513378334023770e+01
9.639999999999998792e+00 1.014236906323091381e+00 4.593748945438405684e+01 4.469078197365728045e+01
9.655999999999998806e+00 9.668674719162321241e-01 4.393748994691253529e+01 4.478378854697196942e+01
9.671999999999998820e+00 9.636712187263393181e-01 4.393748998014665119e+01 4.487324322286560374e+01
9.687999999999998835e+00 9.563919658420695358e-01 4.374999005583313050e+01 4.495818075062106800e+01
9.703999999999998849e+00 9.736673472898520476e-01 4.468748987620971036e+01 4.503734039318990057e+01
9.719999999999998863e+00 9.881093061041743564e-01 4.549998972604826264e+01 4.510976350664638090e+01
9.735999999999998877e+00 1.013273833404732871e+00 4.681248946439929881e+01 4.517537103373554430e+01
9.751999999999998892e+00 1.043661628000238206e+00 4.837498914843877174e+01 4.523566296616065330e+01
9.767999999999998906e+00 9.649821576925293742e-01 4.487498996651576277e+01 4.529385630421008813e+01
9.783999999999998920e+00 9.752245658796233618e-01 4.549998986001891410e+01 4.535485490731699088e+01
9.799999999999998934e+00 9.012759101175354948e-01 4.218749062890707791e+01 4.542429320890691713e+01
9.815999999999998948e+00 9.928322367158175510e-01 4.662498967694093466e+01 4.550756034059118349e+01
9.831999999999998963e+00 9.445009436911565581e-01 4.449999017947068580e+01 4.560875166217455501e+01
9.847999999999998977e+00 9.202785560100935625e-01 4.349999043132607568e+01 4.572929385992942031e+01
9.863999999999998991e+00 9.449725028009210437e-01 4.481249017456659800e+01 4.586827733198345669e+01
9.879999999999999005e+00 9.655607271905597422e-01 4.593748996050008770e+01 4.602211034377198473e+01
9.895999999999999019e+00 1.026603718443576785e+00 4.899998932580076172e+01 4.618556103284124958e+01
9.911999999999999034e+00 9.867459501209033812e-01 4.724998974022464893e+01 4.635326858103656633e+01
9.927999999999999048e+00 9.822670111980182917e-01 4.718748978679315087e+01 4.652019186546509388e+01
9.943999999999999062e+00 9.000018116199904883e-01 4.337499064215445088e+01 4.668284207478289005e+01
9.959999999999999076e+00 1.026379502574496616e+00 4.962498932813137742e+01 4.683961718961198528e+01
9.975999999999999091e+00 9.715487782578909881e-01 4.712498989823838969e+01 4.699084008958460856e+01
9.991999999999999105e+00 9.478893776135568494e-01 4.612499014423902821e+01 4.713853289337068730e+01
1.000799999999999912e+01 9.653457705124137700e-01 4.712498996273482277e+01 4.728581342798931786e+01
1.002399999999999913e+01 9.775811068004929272e-01 4.787498983551713394e+01 4.743664851576377828e+01
1.003999999999999915e+01 9.426640146379717811e-01 4.631249019856985427e+01 4.759535870490893927e+01
1.005599999999999916e+01 9.878547099395590392e-01 4.868748972869623515e+01 4.776602718229219136e+01
1.007199999999999918e+01 9.847186658792744796e-01 4.868748976130189021e+01 4.795212509344889895e+01
1.008799999999999919e+01 9.425352422284312137e-01 4.674999019991063420e+01 4.815588261833711670e+01
1.010399999999999920e+01 9.709546952861605185e-01 4.831248990441676483e+01 4.837785888303420023e+01
1.011999999999999922e+01 9.691390281027352227e-01 4.837498992329297209e+01 4.861624515456089313e+01
1.013599999999999923e+01 9.273886106353433911e-01 4.643749035739658382e+01 4.886657112857683671e+01
1.015199999999999925e+01 9.941449468790184429e-01 4.993748966329425087e+01 4.912198675460511055e+01
1.016799999999999926e+01 9.376847845568188067e-01 4.724999025034163935e+01 4.937379849205397164e+01
1.018399999999999928e+01 1.022527218073650213e+00 5.168748936818555961e+01 4.961236779877256708e+01
1.019999999999999929e+01 1.023019466949928846e+00 5.187498936306793240e+01 4.982884727989394946e+01
1.021599999999999930e+01 9.964723101218193602e-01 5.068748963909265370e+01 5.001657523654014881e+01
1.023199999999999932e+01 1.005606898179047137e+00 5.131248954411811525e+01 5.017251235464954817e+01
1.024799999999999933e+01 1.003690316149180806e+00 5.137498956404225936e+01 5.029812880501582129e+01
1.026399999999999935e+01 9.981290963617877043e-01 5.124998962186889173e+01 5.039910814158111663e+01
1.027999999999999936e+01 9.440598288349394407e-01 4.862499018405761575e+01 5.048487953404428197e+01
1.029599999999999937e+01 1.023385939901228836e+00 5.287498935925665222e+01 5.056674887207226732e+01
1.031199999999999939e+01 9.912704497977742335e-01 5.137498969317938702e+01 5.065646847563731114e+01
1.032799999999999940e+01 9.208787733270561437e-01 4.787499042508443381e+01 5.076381178692920315e+01
1.034399999999999942e+01 8.904672298068488923e-01 4.643749074129053866e+01 5.089506950573603206e+01
1.035999999999999943e+01 9.582106848293449053e-01 5.012499003692173005e+01 5.105257093900300447e+01
1.037599999999999945e+01 9.814618831068537830e-01 5.149998979516734465e+01 5.123470590057515750e+01
1.039199999999999946e+01 1.011690031996355765e+00 5.324998948086745543e+01 5.143667674747975127e+01
1.040799999999999947e+01 9.920089813383294874e-01 5.237498968550049483e+01 5.165240825925065593e+01
1.042399999999999949e+01 9.842454099063435713e-01 5.212498976622526214e+01 5.187605410757043956e+01
1.043999999999999950e+01 1.034174990212971545e+00 5.493748924707605852e+01 5.210309971336294410e+01
1.045599999999999952e+01 9.301397221612998090e-01 4.956249032879209437e+01 5.233143426215809768e+01
1.047199999999999953e+01 9.986303417809236915e-01 5.337498961665546204e+01 5.256095575764655337e+01
1.048799999999999955e+01 9.897567831223781365e-01 5.306248970891964944e+01 5.279323970476893635e+01
1.050399999999999956e+01 9.495520692927420514e-01 5.106249012695226952e+01 5.303050113065838644e+01
1.051999999999999957e+01 9.872207375194506085e-01 5.324998973528771273e+01 5.327427104140192426e+01
1.053599999999999959e+01 9.703623036346932240e-01 5.249998991057345421e+01 5.352526809211794045e+01
1.055199999999999960e+01 9.823938183242770794e-01 5.331248978547584727e+01 5.378237833267843371e+01
1.056799999999999962e+01 1.026497898903738992e+00 5.587498932690117215e+01 5.404323269308795830e+01
1.058399999999999963e+01 1.006225613598321189e+00 5.493748953768307075e+01 5.430445189816715867e+01
1.059999999999999964e+01 9.952012437105538512e-01 5.449998965230912518e+01 5.456246640585414553e+01
1.061599999999999966e+01 9.831008660757305506e-01 5.399998977812547452e+01 5.481362516181897604e+01
1.063199999999999967e+01 9.869507307373698302e-01 5.437498973809567815e+01 5.505496142310808949e+01
1.064799999999999969e+01 1.042799928088436578e+00 5.762498915739847405e+01 5.528410799233445516e+01
1.066399999999999970e+01 9.956955987663963503e-01 5.518748964716952088e+01 5.549933416071840497e+01
1.067999999999999972e+01 9.972114842702888282e-01 5.543748963140784980e+01 5.569892147355654544e+01
1.069599999999999973e+01 1.030098797132367183e+00 5.743748928945919374e+01 5.588172306414669777e+01
1.071199999999999974e+01 9.834396216759992981e-01 5.499998977460439420e+01 5.604655537784480401e+01
1.072799999999999976e+01 9.637951475596050477e-01 5.406248997885526819e+01 5.619274249024629597e+01
1.074399999999999977e+01 1.022026098036623587e+00 5.749998937339660898e+01 5.632030491005879469e+01
1.075999999999999979e+01 1.024526858635012250e+00 5.781248934739529943e+01 5.643089559047997028e+01
1.077599999999999980e+01 1.061241880726026876e+00 6.006248896564600415e+01 5.652762509954584402e+01
1.079199999999999982e+01 9.711154651932770721e-01 5.512498990274395538e+01 5.661589039143156299e+01
1.080799999999999983e+01 9.978824163879190801e-01 5.681248962443090988e+01 5.670276854089537011e+01
1.082399999999999984e+01 9.894617777485628096e-01 5.649998971198856168e+01 5.679658579339051983e+01
1.083999999999999986e+01 9.461645937592143563e-01 5.418749016217140024e+01 5.690581060001697722e+01
1.085599999999999987e+01 1.022808535967755894e+00 5.874998936526070992e+01 5.703769555694861282e+01
1.087199999999999989e+01 9.623009003777366344e-01 5.543748999439544178e+01 5.719758738203337600e+01
1.088799999999999990e+01 9.757003777738105788e-01 5.637498985507252769e+01 5.738763275102036232e+01
1.090399999999999991e+01 9.458756990289226563e-01 5.481249016517440964e+01 5.760672537887157318e+01
1.091999999999999993e+01 1.036663762404375966e+00 6.024998922120186506e+01 5.785065464872835150e+01
1.093599999999999994e+01 9.660819068067794113e-01 5.631248995508006772e+01 5.811263868818043221e+01
1.095199999999999996e+01 1.040236602061113125e+00 6.081248918405000126e+01 5.838412167554529475e+01
1.096799999999999997e+01 9.956304118259265978e-01 5.837498964784666100e+01 5.865555319893880437e+01
1.098399999999999999e+01 1.042687387475122129e+00 6.131248915857018034e+01 5.891765786484886291e+01
1.100000000000000000e+01 9.251987449330965063e-01 5.456249038016625974e+01 5.916233468118871031e+01
1.101600000000000001e+01 1.040865317672678314e+00 6.156248917751344152e+01 5.938327287868199278e+01
1.103200000000000003e+01 1.009399684746027592e+00 5.987498950468052072e+01 5.957716787369692923e+01
1.104800000000000004e+01 1.037996228864037862e+00 6.174998920734373087e+01 5.974414892531058285e+01
1.106400000000000006e+01 9.721422190699225974e-01 5.799998989206947897e+01 5.988813905647292302e+01
1.108000000000000007e+01 1.098860042877422005e+00 6.574998857450863454e+01 6.001631621296976959e+01
1.109600000000000009e+01 1.030076687373651323e+00 6.181248928969047540e+01 6.013834388949373277e+01
1.111200000000000010e+01 9.481836781450143636e-01 5.706249014117884144e+01 6.026438915793981010e+01
1.112800000000000011e+01 9.723833673709580960e-01 5.868748988956171075e+01 6.040327352342661271e+01
1.114400000000000013e+01 9.417134972078428090e-01 5.699999020845122999e+01 6.056071273833985913e+01
1.116000000000000014e+01 9.626964834514326608e-01 5.843748999028246516e+01 6.073803787191003778e+01
1.117600000000000016e+01 9.609686648811543996e-01 5.849999000824474393e+01 6.093262388474785496e+01
1.119200000000000017e+01 1.052407358088329747e+00 6.424998905750483402e+01 6.113842134056785937e+01
1.120800000000000018e+01 1.061654632518973074e+00 6.499998896135508630e+01 6.134850195817919882e+01
1.122400000000000020e+01 1.042343362456678690e+00 6.399998916214538980e+01 6.155666635089787064e+01
1.124000000000000021e+01 9.906571081059457606e-01 6.099998969955751704e+01 6.175941283012316774e+01
1.125600000000000023e+01 1.003024752590299329e+00 6.193748957096385510e+01 6.195687349798517829e+01
1.127199999999999847e+01 1.029447911296212270e+00 6.374998929622925914e+01 6.215243741157027557e+01
1.128799999999999848e+01 9.570897846410720833e-01 5.943749004857696860e+01 6.235123443839077595e+01
1.130399999999999849e+01 9.674285545774976569e-01 6.024998994107908601e+01 6.255893353327209638e+01
1.131999999999999851e+01 1.000721688146384070e+00 6.249998959490910266e+01 6.277946001322017366e+01
1.133599999999999852e+01 9.919113870796733012e-01 6.212498968651791387e+01 6.301404708216809070e+01
1.135199999999999854e+01 1.031906047709566066e+00 6.481248927066609156e+01 6.326043537564522268e+01
1.136799999999999855e+01 9.883195244750534458e-01 6.224998972386398322e+01 6.351380906681534100e+01
1.138399999999999856e+01 1.023144399288008044e+00 6.462498936176808684e+01 6.376745496890437437e+01
1.139999999999999858e+01 1.016327527887081139e+00 6.437498943264829165e+01 6.401441839983263549e+01
1.141599999999999859e+01 1.032175948498388340e+00 6.556248926786432207e+01 6.424823891029267031e+01
1.143199999999999861e+01 1.042044468178287886e+00 6.637498916525224502e+01 6.446471123752941423e+01
1.144799999999999862e+01 9.774902049004192683e-01 6.243748983646008810e+01 6.466164395655943053e+01
1.146399999999999864e+01 1.059652917326928234e+00 6.787498898216792043e+01 6.483909570638327580e+01
1.147999999999999865e+01 9.739944208494479838e-01 6.256248987281124130e+01 6.499907638884471339e+01
1.149599999999999866e+01 1.019800859860825692e+00 6.568748939653224284e+01 6.514516441336539287e+01
1.151199999999999868e+01 9.976156917656293643e-01 6.443748962720651718e+01 6.528225096992625254e+01
1.152799999999999869e+01 1.011252283882489778e+00 6.549998948541647792e+01 6.541595889015795251e+01
1.154399999999999871e+01 1.037318905889009768e+00 6.737498921438896105e+01 6.555287963840180510e+01
1.155999999999999872e+01 9.826309913215057756e-01 6.399998978300907027e+01 6.569974455098035548e+01
1.157599999999999874e+01 1.053601673457434496e+00 6.881248904508801445e+01 6.586323111155746801e+01
1.159199999999999875e+01 1.013477102252161810e+00 6.637498946228471652e+01 6.604851123191373574e+01
1.160799999999999876e+01 9.564393426182679070e-01 6.281249005534026963e+01 6.625909408962067459e+01
1.162399999999999878e+01 9.547572122249042836e-01 6.287499007282884378e+01 6.649516228347575009e+01
1.163999999999999879e+01 1.006082219220991059e+00 6.643748953917344124e+01 6.675339053801027944e+01
1.165599999999999881e+01 1.003322050257180686e+00 6.643748956787349869e+01 6.702712675925612018e+01
1.167199999999999882e+01 1.041047964473231557e+00 6.912498917561383394e+01 6.730755757791624205e+01
1.168799999999999883e+01 1.013793541005955312e+00 6.749998945899764635e+01 6.758483234572848630e+01
1.170399999999999885e+01 1.030682407538103806e+00 6.881248928339088877e+01 6.785049974735625256e+01
1.171999999999999886e+01 1.073615536625643241e+00 7.187498883698910390e+01 6.809845812089417905e+01
1.173599999999999888e+01 1.030655654037823332e+00 6.918748928366990469e+01 6.832666599760666770e+01
1.175199999999999889e+01 1.004638613313383777e+00 6.762498955418372759e+01 6.853684226416693548e+01
1.176799999999999891e+01 9.991306835915658713e-01 6.743748961145247733e+01 6.873382356682159866e+01
1.178399999999999892e+01 1.042592618159850382e+00 7.056248915955535495e+01 6.892391109029931329e+01
1.179999999999999893e+01 9.900351665764047793e-01 6.718748970602344173e+01 6.911308381484755614e+01
1.181599999999999895e+01 9.846003652243550119e-01 6.699998976253225180e+01 6.930575305061756808e+01
1.183199999999999896e+01 1.024074739162393666e+00 6.987498935209647755e+01 6.950330079668765393e+01
1.184799999999999898e+01 1.011262032245117792e+00 6.918748948531791143e+01 6.970414028601010159e+01
1.186399999999999899e+01 1.036778919726238257e+00 7.112498922000190760e+01 6.990403023070726363e+01
1.187999999999999901e+01 1.006730095175505824e+00 6.924998953243763822e+01 7.009723756276622453e+01
1.189599999999999902e+01 1.072891893865565827e+00 7.399998884451532888e+01 7.027777249193714226e+01
1.191199999999999903e+01 9.805427694759246693e-01 6.781248980472393839e+01 7.044017398336990254e+01
1.192799999999999905e+01 1.071649502676263577e+00 7.431248885743249843e+01 7.058092124261685285e+01
1.194399999999999906e+01 1.011251330945078575e+00 7.031248948542400967e+01 7.069794688774976521e+01
1.195999999999999908e+01 1.010340425242162832e+00 7.043748949490108657e+01 7.079122771790719071e+01
1.197599999999999909e+01 9.808198045158584844e-01 6.856248980184092545e+01 7.086163152580053293e+01
1.199199999999999910e+01 1.032598508541684224e+00 7.237498926346643202e+01 7.091120418773441259e+01
1.200799999999999912e+01 1.005836567178900243e+00 7.068748954172994559e+01 7.094257927133212149e+01
1.202399999999999913e+01 1.052831712357285454e+00 7.418748905309573161e+01 7.095918973686818276e+01
1.203999999999999915e+01 9.872278421470016552e-01 6.974998973521003620e+01 7.096526135957287806e+01
1.205599999999999916e+01 9.819624032627641830e-01 6.956248978996435994e+01 7.096624913506779819e+01
1.207199999999999918e+01 9.960798343398266086e-01 7.074998964317235561e+01 7.096910517492061388e+01
1.208799999999999919e+01 1.034691966488887838e+00 7.368748924170397174e+01 7.098191327220035873e+01
1.210399999999999920e+01 9.960717129905576339e-01 7.112498964325901341e+01 7.101367962885092311e+01
1.211999999999999922e+01 9.847138244767381643e-01 7.049998976135378825e+01 7.107312897660253270e+01
1.213599999999999923e+01 9.455507967851118911e-01 6.787499016855497302e+01 7.116789577407416800e+01
1.215199999999999925e+01 9.777977739325036666e-01 7.037498983326244684e+01 7.130331739085022491e+01
1.216799999999999926e+01 9.665670099414909178e-01 6.974998995003581115e+01 7.148145522779481098e+01
1.218399999999999928e+01 9.726683525701094180e-01 7.037498988659949362e+01 7.170107757918843561e+01
1.219999999999999929e+01 9.985503092531177183e-01 7.243748961748818260e+01 7.195754119681873817e+01
1.221599999999999930e+01 1.016559662177076717e+00 7.393748943023067000e+01 7.224403529162388793e+01
1.223199999999999932e+01 9.821907710177273376e-01 7.162498978758758028e+01 7.255226516013665616e+01
1.224799999999999933e+01 1.008690262425401496e+00 7.374998951205806463e+01 7.287411956169705718e+01
1.226399999999999935e+01 9.387051743993665154e-01 6.881249023973300893e+01 7.320223443258078078e+01
1.227999999999999936e+01 1.074871423848222651e+00 7.899998882393194322e+01 7.353148881563789985e+01
1.229599999999999937e+01 1.021186241274943507e+00 7.524998938212752364e+01 7.385865470615603101e+01
1.231199999999999939e+01 9.838495200673923469e-01 7.268748977034103120e+01 7.418230943269391275e+01
1.232799999999999940e+01 9.812973826674986633e-01 7.268748979687663336e+01 7.450219129431511078e+01
1.234399999999999942e+01 9.997946117939988664e-01 7.424998960455212682e+01 7.481847883311819203e+01
1.235999999999999943e+01 1.022389838242966587e+00 7.612498936961145546e+01 7.513041693158820067e+01
1.237599999999999945e+01 1.019748005507501665e+00 7.612498939708244450e+01 7.543663026286495210e+01
1.239199999999999946e+01 1.007095547989973916e+00 7.537498952863985835e+01 7.573398582366759513e+01
1.240799999999999947e+01 9.853428124340394278e-01 7.393748975481140917e+01 7.601841464889479028e+01
1.242399999999999949e+01 1.040129997213659729e+00 7.824998918516199353e+01 7.628517846910717992e+01
1.243999999999999950e+01 1.031655669012967902e+00 7.781248927326785747e+01 7.653033906822489030e+01
1.245599999999999952e+01 9.934670028627833327e-01 7.512498967034542829e+01 7.675122976015703102e+01
1.247199999999999953e+01 1.053573474622818473e+00 7.987498904537693534e+01 7.694757175343175959e+01
1.248799999999999955e+01 1.040185808114423072e+00 7.906248918458207697e+01 7.712163828206394101e+01
1.250399999999999956e+01 1.029323705294115987e+00 7.843748929751558308e+01 7.727803601751415385e+01
1.251999999999999957e+01 9.735191136318189775e-01 7.437498987775437342e+01 7.742319104260384677e+01
1.253599999999999959e+01 9.979635271639183403e-01 7.643748962358820620e+01 7.756357852599870739e+01
1.255199999999999960e+01 1.027163723825368802e+00 7.887498931997569684e+01 7.770509927761354163e+01
1.256799999999999962e+01 1.011560535695805285e+00 7.787498948221275441e+01 7.785157340808343918e+01
1.258399999999999963e+01 9.879354991789728313e-01 7.624998972785544993e+01 7.800416356272985752e+01
1.259999999999999964e+01 9.765430430128291261e-01 7.556248984631123733e+01 7.816183556181216829e+01
1.261599999999999966e+01 1.026436878559015664e+00 7.962498932753548786e+01 7.832125755252106103e+01
1.263199999999999967e+01 1.021427383345892892e+00 7.943748937961713352e+01 7.847874937078691460e+01
1.264799999999999969e+01 1.046901069122335270e+00 8.162498911475933028e+01 7.863042210400035970e+01
1.266399999999999970e+01 1.056251148735664280e+00 8.256248901753865255e+01 7.877357688784084644e+01
1.267999999999999972e+01 9.451179766834909568e-01 7.406249017305324855e+01 7.890699283511327167e+01
1.269599999999999973e+01 9.841063923164059535e-01 7.731248976766804049e+01 7.903127504650012725e+01
1.271199999999999974e+01 9.998824772698742258e-01 7.874998960363983258e+01 7.914790219605502841e+01
1.272799999999999976e+01 1.051988103572866873e+00 8.306248906186300474e+01 7.925916844000028050e+01
1.274399999999999977e+01 9.901299374924590335e-01 7.837498970504157114e+01 7.936747472135034798e+01
1.275999999999999979e+01 9.963119926725741982e-01 7.906248964075930985e+01 7.947489126585077202e+01
1.277599999999999980e+01 9.875330809921558650e-01 7.856248973203743446e+01 7.958338807376907198e+01
1.279199999999999982e+01 9.936845413395570814e-01 7.924998966807814327e+01 7.969484127851278288e+01
1.280799999999999983e+01 1.024035092105902933e+00 8.187498935250920340e+01 7.981110835908552303e+01
1.282399999999999984e+01 9.645591445646736206e-01 7.731248997091219621e+01 7.993444426657978852e+01
1.283999999999999986e+01 1.042271668757401626e+00 8.374998916289337103e+01 8.006712625856764021e+01
1.285599999999999987e+01 9.768326893418722845e-01 7.868748984329762663e+01 8.021148240470807878e+01
1.287199999999999989e+01 9.999461985581444834e-01 8.074998960297693884e+01 8.036883694282491319e+01
1.288799999999999990e+01 9.804802465722436411e-01 7.937498980536852855e+01 8.053955131851310512e+01
1.290399999999999991e+01 9.503260484321913726e-01 7.712499011890798783e+01 8.072236180728039301e+01
1.291999999999999993e+01 9.894572119748357153e-01 8.049998971203149267e+01 8.091442871587001662e+01
1.293599999999999994e+01 1.004636287108273685e+00 8.193748955421028768e+01 8.111149585364935888e+01
1.295199999999999996e+01 1.033496958875449234e+00 8.449998925412194239e+01 8.130881662979679447e+01
1.296799999999999997e+01 1.008834727152956301e+00 8.268748951055921736e+01 8.150181558195347975e+01
1.298399999999999999e+01 1.001785968624375522e+00 8.231248958384264824e+01 8.168640008852189283e+01
1.300000000000000000e+01 9.507592288021307070e-01 7.831249011439807362e+01 8.186037001308841354e+01
1.301600000000000001e+01 1.021844642054087648e+00 8.437498937528425813e+01 8.202327936075518267e+01
1.303200000000000003e+01 9.725230512898804802e-01 8.049998988811034906e+01 8.217596077335598181e+01
1.304800000000000004e+01 9.859569080585219858e-01 8.181248974842471000e+01 8.232105529938529287e+01
1.306400000000000006e+01 1.018106325222109643e+00 8.468748941415395848e+01 8.246220248957345689e+01
1.308000000000000007e+01 1.013368470268159127e+00 8.449998946341499106e+01 8.260380152270542453e+01
1.309600000000000009e+01 9.764995067498346559e-01 8.162498984675988822e+01 8.274944593841148333e+01
1.311200000000000010e+01 9.756095595543688992e-01 8.174998985602127277e+01 8.290199794524014010e+01
1.312800000000000011e+01 9.858819753167180622e-01 8.281248974920538330e+01 8.306233370240526881e+01
1.314400000000000013e+01 9.701227099103250096e-01 8.168748991306308938e+01 8.322959581678050256e+01
1.316000000000000014e+01 9.470326467804847104e-01 7.993749015315012230e+01 8.340106211438519779e+01
1.317600000000000016e+01 1.011951223005658873e+00 8.562498947814877681e+01 8.357259558757546358e+01
1.319200000000000017e+01 1.007287429540498325e+00 8.543748952664302010e+01 8.374026194221821129e+01
1.320800000000000018e+01 1.021755219156011973e+00 8.687498937621279538e+01 8.390140475246175811e+01
1.322400000000000020e+01 9.914189040693346389e-01 8.449998969163951301e+01 8.405551250372414529e+01
1.324000000000000021e+01 9.904872270938923640e-01 8.462498970132224940e+01 8.420507529390154389e+01
1.325600000000000023e+01 9.479607276848470709e-01 8.118749014349766924e+01 8.435515169388308720e+01
1.327200000000000024e+01 9.944527174574782080e-01 8.537498966009361823e+01 8.451278515008993963e+01
1.328800000000000026e+01 1.025466892251398088e+00 8.824998933761925457e+01 8.468567908344284945e+01
1.330400000000000027e+01 9.121524804907481521e-01 7.868749051581623633e+01 8.488054072881216428e+01
1.332000000000000028e+01 9.475462734564212841e-01 8.193749014780479456e+01 8.510163272828467029e+01
1.333599999999999852e+01 1.018098292624613599e+00 8.824998941423490351e+01 8.535036151089228440e+01
1.335199999999999854e+01 1.008466677393795363e+00 8.762498951438381312e+01 8.562452271869847209e+01
1.336799999999999855e+01 9.687396622202663066e-01 8.437498992744541226e+01 8.591947954329320680e+01
1.338399999999999856e+01 9.435170243636634702e-01 8.237499018969903375e+01 8.622827047669672140e+01
1.339999999999999858e+01 1.015538017483852640e+00 8.887498944086060249e+01 8.654330790431571074e+01
1.341599999999999859e+01 9.974430834340156649e-01 8.749998962899877597e+01 8.685706471997940525e+01
1.343199999999999861e+01 1.030606370789807213e+00 9.062498928418234811e+01 8.716337567081809823e+01
1.344799999999999862e+01 9.657570643657688025e-01 8.512498995845807315e+01 8.745732765299790401e+01
1.346399999999999864e+01 1.000247306476735432e+00 8.837498959984478120e+01 8.773570576548623023e+01
1.347999999999999865e+01 1.008459894820466385e+00 8.931248951444881357e+01 8.799653720252635480e+01
1.349599999999999866e+01 1.001141915144429628e+00 8.887498959054038039e+01 8.823869531566322166e+01
1.351199999999999868e+01 9.313446804183208583e-01 8.287499031626320800e+01 8.846147333586731065e+01
1.352799999999999869e+01 1.025140341916179976e+00 9.143748934101724046e+01 8.866481409478474518e+01
1.354399999999999871e+01 1.003845178356590706e+00 8.974998956243578618e+01 8.884935628121571938e+01
1.355999999999999872e+01 1.020307631034770735e+00 9.143748939126415110e+01 8.901719122574452570e+01
1.357599999999999874e+01 1.007467606775034996e+00 9.049998952476532565e+01 8.917199900990992489e+01
1.359199999999999875e+01 9.648376817936236138e-01 8.687498996801669193e+01 8.931976114082945628e+01
1.360799999999999876e+01 9.999649555792201605e-01 9.024998960278327331e+01 8.946812658108420635e+01
1.362399999999999878e+01 1.009362426870193508e+00 9.131248950506626727e+01 8.962625337551853022e+01
1.363999999999999879e+01 9.670192483652809701e-01 8.768748994533420671e+01 8.980364797637163576e+01
1.365599999999999881e+01 9.805702159657305739e-01 8.912498980444033236e+01 9.000850869504949969e+01
1.367199999999999882e+01 9.590676905664646812e-01 8.737499002800706194e+01 9.024701175237329664e+01
1.368799999999999883e+01 9.814661980042914680e-01 8.962498979512027120e+01 9.052218628181097415e+01
1.370399999999999885e+01 9.866868404005799675e-01 9.031248974083977998e+01 9.083364356325925826e+01
1.371999999999999886e+01 1.030029723628248073e+00 9.449998929017787930e+01 9.117732502562537888e+01
1.373599999999999888e+01 9.644240239674565229e-01 8.868748997232057718e+01 9.154629336886452506e+01
1.375199999999999889e+01 9.994750225365509610e-01 9.212498960786997770e+01 9.193175943300414588e+01
1.376799999999999891e+01 9.883589300276793832e-01 9.131248972345721882e+01 9.232417842506201566e+01
1.378399999999999892e+01 1.003613810756454283e+00 9.293748956483867119e+01 9.271416232879509778e+01
1.379999999999999893e+01 1.010041633859698029e+00 9.374998949800723835e+01 9.309306634325378127e+01
1.381599999999999895e+01 1.029873054229715867e+00 9.581248929180384266e+01 9.345424742999622936e+01
1.383199999999999896e+01 1.035534834926998826e+00 9.656248923293775022e+01 9.379307353460744423e+01
1.384799999999999898e+01 9.977021388083433528e-01 9.324998962630694166e+01 9.410659548950616227e+01
1.386399999999999899e+01 9.760530359899292074e-01 9.143748985140369712e+01 9.439389691448221242e+01
1.387999999999999901e+01 1.005088271328951066e+00 9.437498954951270491e+01 9.465611752634488596e+01
1.389599999999999902e+01 1.005431423532773705e+00 9.462498954593399958e+01 9.489574767248493004e+01
1.391199999999999903e+01 1.042211293486960733e+00 9.831248916352262768e+01 9.511711807666117124e+01
1.392799999999999905e+01 1.032546701596137151e+00 9.762498926400979826e+01 9.532603793406377690e+01
1.394399999999999906e+01 1.011711768614709239e+00 9.587498948063937121e+01 9.552935045237008183e+01
1.395999999999999908e+01 9.857054717890542106e-01 9.362498975104119836e+01 9.573447960484294583e+01
1.397599999999999909e+01 1.001832094104706750e+00 9.537498958336477983e+01 9.594849025610312765e+01
1.399199999999999910e+01 1.011332336998534753e+00 9.649998948458454606e+01 9.617678336211307055e+01
1.400799999999999912e+01 9.600099196466899132e-01 9.181249001821552724e+01 9.642280995948723898e+01
1.402399999999999913e+01 1.008678348173543293e+00 9.668748951218104537e+01 9.668707305328122459e+01
1.403999999999999915e+01 1.021993563422064266e+00 9.818748937373709396e+01 9.696776973847579484e+01
1.405599999999999916e+01 1.033947458604628000e+00 9.956248924944057421e+01 9.726064303528400501e+01
1.407199999999999918e+01 9.733152299318351686e-01 9.393748987987176235e+01 9.756074442590593776e+01
1.408799999999999919e+01 1.038301263028865495e+00 1.004374892041692817e+02 9.786282290081442170e+01
1.410399999999999920e+01 1.043682596763327419e+00 1.011874891482239320e+02 9.816222720697426496e+01
1.411999999999999922e+01 9.956524221203838509e-01 9.674998964761745412e+01 9.845559759652952891e+01
1.413599999999999923e+01 9.889076977624252640e-01 9.631248971774911638e+01 9.874019722692692369e+01
1.415199999999999925e+01 1.048780127123957406e+00 1.023749890952163639e+02 9.901416798657513141e+01
1.416799999999999926e+01 9.742242581905520282e-01 9.531248987042060605e+01 9.927560004322968723e+01
1.418399999999999928e+01 1.019832222019432022e+00 9.999998939620888905e+01 9.952236730393504160e+01
1.419999999999999929e+01 1.046153483985432064e+00 1.028124891225252497e+02 9.975186838634638775e+01
1.421599999999999930e+01 1.017784251592780853e+00 1.002499894175074928e+02 9.996123082563396167e+01
1.423199999999999932e+01 1.005367450082470970e+00 9.924998954660190975e+01 1.001481278878661954e+02
1.424799999999999933e+01 1.009427552195476085e+00 9.987498950439277223e+01 1.003109221979385239e+02
1.426399999999999935e+01 1.032374882510411984e+00 1.023749892657904894e+02 1.004491354414884938e+02
1.427999999999999936e+01 1.025031902263032091e+00 1.018749893421462644e+02 1.005637135142358289e+02
1.429599999999999937e+01 1.027130896647884484e+00 1.023124893203166010e+02 1.006570407467769570e+02
1.431199999999999939e+01 9.860208442414089003e-01 9.843748974776393368e+01 1.007325413876715317e+02
1.432799999999999940e+01 9.981867996338660287e-01 9.987498962126717572e+01 1.007944703509387381e+02
1.434399999999999942e+01 9.847426023544099127e-01 9.874998976105203496e+01 1.008477032909410696e+02
1.435999999999999943e+01 1.051576618180416034e+00 1.056874890661444084e+02 1.008970426834376468e+02
1.437599999999999945e+01 9.946346564742413188e-01 1.001874896582011303e+02 1.009475304746198105e+02
1.439199999999999946e+01 9.794231656833659594e-01 9.887498981635972939e+01 1.010038048986525325e+02
1.440799999999999947e+01 1.029138418313971570e+00 1.041249892994485293e+02 1.010704356304511577e+02
1.442399999999999949e+01 9.646041100584544781e-01 9.781248997044542648e+01 1.011509683380414231e+02
1.443999999999999950e+01 1.018432241371361346e+00 1.034999894107611738e+02 1.012484600096666725e+02
1.445599999999999952e+01 9.554292376931873276e-01 9.731249006584567951e+01 1.013649268026328656e+02
1.447199999999999953e+01 9.931159022471535147e-01 1.013749896739941647e+02 1.015011011359080726e+02
1.448799999999999955e+01 1.000087499306200778e+00 1.023124896015029179e+02 1.016564508291743039e+02
1.450399999999999956e+01 1.007635513400326754e+00 1.033124895230207017e+02 1.018298249551503574e+02
1.451999999999999957e+01 1.006632527168477509e+00 1.034374895334507443e+02 1.020191059350068059e+02
1.453599999999999959e+01 9.625416894409365431e-01 9.912498999189274684e+01 1.022221925251771495e+02
1.455199999999999960e+01 9.725375156172026969e-01 1.003749898879574403e+02 1.024374924626266647e+02
1.456799999999999962e+01 1.013907382823708181e+00 1.048749894578148201e+02 1.026641497136974976e+02
1.458399999999999963e+01 9.948024072178114352e-01 1.031249896564530815e+02 1.029026081635533814e+02
1.459999999999999964e+01 9.866073150692484806e-01 1.024999897416711576e+02 1.031545526439272891e+02
1.461599999999999966e+01 1.007859101849575945e+00 1.049374895206968858e+02 1.034226751948418013e+02
1.463199999999999967e+01 1.009848861568945155e+00 1.053749895000081693e+02 1.037098636140293877e+02
1.464799999999999969e+01 9.729800440640212766e-01 1.017499898833572871e+02 1.040182819721947141e+02
1.466399999999999970e+01 9.714543011186937971e-01 1.018124898992170984e+02 1.043482408190526201e+02
1.467999999999999972e+01 9.782636066185627088e-01 1.027499898284238924e+02 1.046976230386032682e+02
1.469599999999999973e+01 1.000478623590581151e+00 1.053124895974327302e+02 1.050612400800749100e+02
1.471199999999999974e+01 9.793447881474792727e-01 1.033124898171856358e+02 1.054320405881616551e+02
1.472799999999999976e+01 1.028650621267460874e+00 1.087499893045109474e+02 1.058009992541718702e+02
1.474399999999999977e+01 1.028778860435683784e+00 1.089999893031856288e+02 1.061594264674479859e+02
1.475999999999999979e+01 1.004770791590743784e+00 1.066874895528125791e+02 1.065002007453474278e+02
1.477599999999999980e+01 1.003770651601470831e+00 1.068124895632058440e+02 1.068186235595973983e+02
1.479199999999999982e+01 1.022698998819216554e+00 1.090624893663980259e+02 1.071134667837944363e+02
1.480799999999999983e+01 9.970978222734363516e-01 1.065624896325922464e+02 1.073862208220022438e+02
1.482399999999999984e+01 9.896946697769269941e-01 1.059999897095641188e+02 1.076411585198137999e+02
1.483999999999999986e+01 1.016093856355011926e+00 1.090624894350803658e+02 1.078835282456529683e+02
1.485599999999999987e+01 1.000542548255275888e+00 1.076249895967736023e+02 1.081188274876835465e+02
1.487199999999999989e+01 1.005348272169604318e+00 1.083749895468006770e+02 1.083516633834758096e+02
1.488799999999999990e+01 1.001452935643435183e+00 1.081874895873095284e+02 1.085849694898019209e+02
1.490399999999999991e+01 1.009117972223484649e+00 1.092499895076115735e+02 1.088194446976646788e+02
1.491999999999999993e+01 1.004074499332016313e+00 1.089374895600492579e+02 1.090544162319198449e+02
1.493599999999999994e+01 9.956013444663291967e-01 1.082499896481452026e+02 1.092876509348579361e+02
1.495199999999999996e+01 1.004943676512455086e+00 1.094999895510101169e+02 1.095163033736578200e+02
1.496799999999999997e+01 1.002796361782273271e+00 1.094999895733420772e+02 1.097377760223580623e+02
1.498399999999999999e+01 1.018932742617771670e+00 1.114999894055609531e+02 1.099503305276690241e+02
1.500000000000000000e+01 1.027588902837549334e+00 1.126874893155537762e+02 1.101541054746897288e+02
1.501600000000000001e+01 9.878647670717235485e-01 1.085624897285920980e+02 1.103510685829603233e+02
1.503200000000000003e+01 1.023786023025703651e+00 1.127499893550940726e+02 1.105448798609823058e+02
1.504800000000000004e+01 9.797036707655848442e-01 1.081249898134475842e+02 1.107404667091099100e+02
1.506400000000000006e+01 1.005313538888652936e+00 1.111874895471680418e+02 1.109430385510650012e+02
1.508000000000000007e+01 9.868282260192491329e-01 1.093749897393696813e+02 1.111571036079577084e+02
1.509600000000000009e+01 1.011184724454910366e+00 1.123124894861177836e+02 1.113853046809686305e+02
1.511200000000000010e+01 1.001744940871690526e+00 1.114999895842727113e+02 1.116280930697852511e+02
1.512800000000000011e+01 9.828172151133321988e-01 1.096249897810725003e+02 1.118829837584465281e+02
1.514400000000000013e+01 1.021559209053423789e+00 1.141874893782535452e+02 1.121453314355238717e+02
1.516000000000000014e+01 9.942955482092317165e-01 1.113749896617271276e+02 1.124080321156307463e+02
1.517600000000000016e+01 9.922000894530055293e-01 1.113749896835101225e+02 1.126630435907214576e+02
1.519200000000000017e+01 1.006224169475018471e+00 1.131874895377004435e+02 1.129024429744393956e+02
1.520800000000000018e+01 1.062325227821076634e+00 1.197499889543851452e+02 1.131191906261827000e+02
1.522400000000000020e+01 9.826335973101896215e-01 1.109999897829789148e+02 1.133086286065338726e+02
1.524000000000000021e+01 9.811235314776370897e-01 1.110624897986848509e+02 1.134689140119973843e+02
1.525600000000000023e+01 1.001656277500800885e+00 1.136249895851967011e+02 1.136013406202577158e+02
1.527200000000000024e+01 1.034196737011813250e+00 1.175624892468457148e+02 1.137106420945303142e+02
1.528800000000000026e+01 1.038068427859116127e+00 1.182499892065974620e+02 1.138036066454684629e+02
1.530400000000000027e+01 9.586993449472084317e-01 1.094374900318405111e+02 1.138885497276548762e+02
1.532000000000000028e+01 9.840165003323110282e-01 1.125624897686019068e+02 1.139734437372483313e+02
1.533600000000000030e+01 9.961403826336640011e-01 1.141874896425485559e+02 1.140651818298626381e+02
1.535200000000000031e+01 9.799185707438765602e-01 1.125624898112106536e+02 1.141680206546151055e+02
1.536799999999999855e+01 9.615902615677233145e-01 1.106874900017821943e+02 1.142835624950174633e+02
1.538399999999999856e+01 1.012691017684632211e+00 1.168124894704615713e+02 1.144114429127251782e+02
1.539999999999999858e+01 1.019779895520471769e+00 1.178749893967514026e+02 1.145496779554637214e+02
1.541599999999999859e+01 9.723387248044258468e-01 1.126249898900200748e+02 1.146968430424338123e+02
1.543199999999999861e+01 1.004247145862568580e+00 1.165624895582559333e+02 1.148525134304735928e+02
1.544799999999999862e+01 9.699266314978060022e-01 1.128124899151061697e+02 1.150185068376142823e+02
1.546399999999999864e+01 1.021008743933076168e+00 1.189999893839778622e+02 1.151992942552581525e+02
1.547999999999999865e+01 9.809045561013154391e-01 1.145624898009599377e+02 1.154003179452691654e+02
1.549599999999999866e+01 9.671312900548399982e-01 1.131874899441666003e+02 1.156279071726141865e+02
1.551199999999999868e+01 9.784604690960044815e-01 1.147499898263752698e+02 1.158866524802572542e+02
1.552799999999999869e+01 9.599582850485469665e-01 1.128124900187470274e+02 1.161783465078602262e+02
1.554399999999999871e+01 9.898273752788626645e-01 1.165624897081855664e+02 1.165011153043615195e+02
1.555999999999999872e+01 1.009508339245528186e+00 1.191249895035494433e+02 1.168493564838992000e+02
1.557599999999999874e+01 9.588079043120307787e-01 1.133749900307124108e+02 1.172136893619173463e+02
1.559199999999999875e+01 1.014335982860748109e+00 1.201874894533577418e+02 1.175828346290652320e+02
1.560799999999999876e+01 9.943599990537880240e-01 1.180624896610607664e+02 1.179451279997193751e+02
1.562399999999999878e+01 1.013337156159297869e+00 1.205624894637337547e+02 1.182903709212583436e+02
1.563999999999999879e+01 9.819072805278052929e-01 1.170624897905391748e+02 1.186110804065973952e+02
1.565599999999999881e+01 1.031695379768168275e+00 1.232499892728577322e+02 1.189031930853959125e+02
1.567199999999999882e+01 9.914762584163976378e-01 1.186874896910411650e+02 1.191669700767301947e+02
1.568799999999999883e+01 9.852865810416647774e-01 1.181874897553982606e+02 1.194062900927800683e+02
1.570399999999999885e+01 9.978392941519584891e-01 1.199374896248776281e+02 1.196278176909857081e+02
1.571999999999999886e+01 9.781657942476369438e-01 1.178124898294388032e+02 1.198398993765527649e+02
1.573599999999999888e+01 1.023303470809159066e+00 1.234999893601134602e+02 1.200514816313465758e+02
1.575199999999999889e+01 1.009855776240307978e+00 1.221249894999370298e+02 1.202705245937807490e+02
1.576799999999999891e+01 9.397262337950958999e-01 1.138749902291172589e+02 1.205029167488203825e+02
1.578399999999999892e+01 1.013486043758180521e+00 1.230624894621936392e+02 1.207520645356339060e+02
1.579999999999999893e+01 9.631486032989925450e-01 1.171874899855750698e+02 1.210180145634932387e+02
1.581599999999999895e+01 1.006825883669950850e+00 1.227499895314417131e+02 1.212981592304497127e+02
1.583199999999999896e+01 1.014000779678362107e+00 1.238749894568431102e+02 1.215871429130427543e+02
1.584799999999999898e+01 9.869363167965810035e-01 1.208124897382442668e+02 1.218780034941978698e+02
1.586399999999999899e+01 9.915705848879848849e-01 1.216249896900622218e+02 1.221629109499967285e+02
1.587999999999999901e+01 1.002286381614530431e+00 1.231874895786402107e+02 1.224338429786561733e+02
1.589599999999999902e+01 1.007374618644671926e+00 1.240624895257336533e+02 1.226839031390920809e+02
1.591199999999999903e+01 1.002310905180623379e+00 1.236874895783899717e+02 1.229069208888943479e+02
1.592799999999999905e+01 9.891781923597838810e-01 1.223124897149329513e+02 1.230982639572326889e+02
1.594399999999999906e+01 1.004344927170689905e+00 1.244374895572370576e+02 1.232546190459767388e+02
1.595999999999999908e+01 9.967944655293271561e-01 1.237499896357429776e+02 1.233734298874765472e+02
1.597599999999999909e+01 9.902770685824123786e-01 1.231874897035099679e+02 1.234534081154881164e+02
1.599200000000000088e+01 1.000831985871118546e+00 1.247499895937778405e+02 1.234934894651474622e+02
