# r(Angstrom)	g(r)_ideal	J(r)_ideal	J(r)_broadened
8.000000000000000167e-03 0.000000000000000000e+00 0.000000000000000000e+00 0.000000000000000000e+00
2.400000000000000050e-02 0.000000000000000000e+00 0.000000000000000000e+00 0.000000000000000000e+00
4.000000000000000083e-02 0.000000000000000000e+00 0.000000000000000000e+00 0.000000000000000000e+00
5.600000000000000117e-02 0.000000000000000000e+00 0.000000000000000000e+00 0.000000000000000000e+00
7.200000000000000844e-02 0.000000000000000000e+00 0.000000000000000000e+00 0.000000000000000000e+00
8.799999999999999489e-02 0.000000000000000000e+00 0.000000000000000000e+00 0.000000000000000000e+00
1.040000000000000091e-01 0.000000000000000000e+00 0.000000000000000000e+00 0.000000000000000000e+00
1.199999999999999956e-01 0.000000000000000000e+00 0.000000000000000000e+00 0.000000000000000000e+00
1.360000000000000098e-01 0.000000000000000000e+00 0.000000000000000000e+00 0.000000000000000000e+00
1.520000000000000240e-01 0.000000000000000000e+00 0.000000000000000000e+00 0.000000000000000000e+00
1.680000000000000104e-01 0.000000000000000000e+00 0.000000000000000000e+00 0.000000000000000000e+00
1.839999999999999969e-01 0.000000000000000000e+00 0.000000000000000000e+00 0.000000000000000000e+00
2.000000000000000111e-01 0.000000000000000000e+00 0.000000000000000000e+00 0.000000000000000000e+00
2.160000000000000253e-01 0.000000000000000000e+00 0.000000000000000000e+00 0.000000000000000000e+00
2.320000000000000118e-01 0.000000000000000000e+00 0.000000000000000000e+00 0.000000000000000000e+00
2.479999999999999982e-01 0.000000000000000000e+00 0.000000000000000000e+00 0.000000000000000000e+00
2.640000000000000124e-01 0.000000000000000000e+00 0.000000000000000000e+00 0.000000000000000000e+00
2.800000000000000266e-01 0.000000000000000000e+00 0.000000000000000000e+00 0.000000000000000000e+00
2.960000000000000409e-01 0.000000000000000000e+00 0.000000000000000000e+00 0.000000000000000000e+00
3.119999999999999996e-01 0.000000000000000000e+00 0.000000000000000000e+00 0.000000000000000000e+00
3.280000000000000138e-01 0.000000000000000000e+00 0.000000000000000000e+00 0.000000000000000000e+00
3.440000000000000280e-01 0.000000000000000000e+00 0.000000000000000000e+00 0.000000000000000000e+00
3.599999999999999867e-01 0.000000000000000000e+00 0.000000000000000000e+00 0.000000000000000000e+00
3.760000000000000009e-01 0.000000000000000000e+00 0.000000000000000000e+00 0.000000000000000000e+00
3.920000000000000151e-01 0.000000000000000000e+00 0.000000000000000000e+00 0.000000000000000000e+00
4.080000000000000293e-01 0.000000000000000000e+00 0.000000000000000000e+00 0.000000000000000000e+00
4.240000000000000435e-01 0.000000000000000000e+00 0.000000000000000000e+00 0.000000000000000000e+00
4.400000000000000022e-01 0.000000000000000000e+00 0.000000000000000000e+00 0.000000000000000000e+00
4.560000000000000164e-01 0.000000000000000000e+00 0.000000000000000000e+00 0.000000000000000000e+00
4.720000000000000306e-01 0.000000000000000000e+00 0.000000000000000000e+00 0.000000000000000000e+00
4.879999999999999893e-01 0.000000000000000000e+00 0.000000000000000000e+00 0.000000000000000000e+00
5.040000000000000036e-01 0.000000000000000000e+00 0.000000000000000000e+00 0.000000000000000000e+00
5.200000000000000178e-01 0.000000000000000000e+00 0.000000000000000000e+00 0.000000000000000000e+00
5.360000000000000320e-01 0.000000000000000000e+00 0.000000000000000000e+00 0.000000000000000000e+00
5.520000000000000462e-01 0.000000000000000000e+00 0.000000000000000000e+00 0.000000000000000000e+00
5.680000000000000604e-01 0.000000000000000000e+00 0.000000000000000000e+00 0.000000000000000000e+00
5.840000000000000746e-01 0.000000000000000000e+00 0.000000000000000000e+00 0.000000000000000000e+00
5.999999999999999778e-01 0.000000000000000000e+00 0.000000000000000000e+00 0.000000000000000000e+00
6.159999999999999920e-01 0.000000000000000000e+00 0.000000000000000000e+00 0.000000000000000000e+00
6.320000000000000062e-01 0.000000000000000000e+00 0.000000000000000000e+00 0.000000000000000000e+00
6.480000000000000204e-01 0.000000000000000000e+00 0.000000000000000000e+00 0.000000000000000000e+00
6.640000000000000346e-01 0.000000000000000000e+00 0.000000000000000000e+00 0.000000000000000000e+00
6.800000000000000488e-01 0.000000000000000000e+00 0.000000000000000000e+00 0.000000000000000000e+00
6.960000000000000631e-01 0.000000000000000000e+00 0.000000000000000000e+00 0.000000000000000000e+00
7.119999999999999662e-01 0.000000000000000000e+00 0.000000000000000000e+00 0.000000000000000000e+00
7.279999999999999805e-01 0.000000000000000000e+00 0.000000000000000000e+00 0.000000000000000000e+00
7.439999999999999947e-01 0.000000000000000000e+00 0.000000000000000000e+00 0.000000000000000000e+00
7.600000000000000089e-01 0.000000000000000000e+00 0.000000000000000000e+00 0.000000000000000000e+00
7.760000000000000231e-01 0.000000000000000000e+00 0.000000000000000000e+00 0.000000000000000000e+00
7.920000000000000373e-01 0.000000000000000000e+00 0.000000000000000000e+00 0.000000000000000000e+00
8.080000000000000515e-01 0.000000000000000000e+00 0.000000000000000000e+00 0.000000000000000000e+00
8.240000000000000657e-01 0.000000000000000000e+00 0.000000000000000000e+00 0.000000000000000000e+00
8.400000000000000799e-01 0.000000000000000000e+00 0.000000000000000000e+00 0.000000000000000000e+00
8.559999999999999831e-01 0.000000000000000000e+00 0.000000000000000000e+00 0.000000000000000000e+00
8.719999999999999973e-01 0.000000000000000000e+00 0.000000000000000000e+00 0.000000000000000000e+00
8.880000000000000115e-01 0.000000000000000000e+00 0.000000000000000000e+00 0.000000000000000000e+00
9.040000000000000258e-01 0.000000000000000000e+00 0.000000000000000000e+00 0.000000000000000000e+00
9.200000000000000400e-01 0.000000000000000000e+00 0.000000000000000000e+00 0.000000000000000000e+00
9.360000000000000542e-01 0.000000000000000000e+00 0.000000000000000000e+00 0.000000000000000000e+00
9.520000000000000684e-01 0.000000000000000000e+00 0.000000000000000000e+00 0.000000000000000000e+00
9.679999999999999716e-01 0.000000000000000000e+00 0.000000000000000000e+00 0.000000000000000000e+00
9.839999999999999858e-01 0.000000000000000000e+00 0.000000000000000000e+00 0.000000000000000000e+00
1.000000000000000000e+00 0.000000000000000000e+00 0.000000000000000000e+00 0.000000000000000000e+00
1.016000000000000014e+00 0.000000000000000000e+00 0.000000000000000000e+00 0.000000000000000000e+00
1.032000000000000028e+00 0.000000000000000000e+00 0.000000000000000000e+00 0.000000000000000000e+00
1.048000000000000043e+00 0.000000000000000000e+00 0.000000000000000000e+00 0.000000000000000000e+00
1.064000000000000057e+00 0.000000000000000000e+00 0.000000000000000000e+00 0.000000000000000000e+00
1.080000000000000071e+00 0.000000000000000000e+00 0.000000000000000000e+00 0.000000000000000000e+00
1.096000000000000085e+00 0.000000000000000000e+00 0.000000000000000000e+00 0.000000000000000000e+00
1.112000000000000099e+00 0.000000000000000000e+00 0.000000000000000000e+00 0.000000000000000000e+00
1.128000000000000114e+00 0.000000000000000000e+00 0.000000000000000000e+00 0.000000000000000000e+00
1.144000000000000128e+00 0.000000000000000000e+00 0.000000000000000000e+00 0.000000000000000000e+00
1.160000000000000142e+00 0.000000000000000000e+00 0.000000000000000000e+00 0.000000000000000000e+00
1.175999999999999934e+00 0.000000000000000000e+00 0.000000000000000000e+00 0.000000000000000000e+00
1.191999999999999948e+00 0.000000000000000000e+00 0.000000000000000000e+00 0.000000000000000000e+00
1.207999999999999963e+00 0.000000000000000000e+00 0.000000000000000000e+00 0.000000000000000000e+00
1.223999999999999977e+00 0.000000000000000000e+00 0.000000000000000000e+00 0.000000000000000000e+00
1.239999999999999991e+00 0.000000000000000000e+00 0.000000000000000000e+00 0.000000000000000000e+00
1.256000000000000005e+00 0.000000000000000000e+00 0.000000000000000000e+00 0.000000000000000000e+00
1.272000000000000020e+00 0.000000000000000000e+00 0.000000000000000000e+00 0.000000000000000000e+00
1.288000000000000034e+00 0.000000000000000000e+00 0.000000000000000000e+00 0.000000000000000000e+00
1.304000000000000048e+00 0.000000000000000000e+00 0.000000000000000000e+00 0.000000000000000000e+00
1.320000000000000062e+00 0.000000000000000000e+00 0.000000000000000000e+00 0.000000000000000000e+00
1.336000000000000076e+00 0.000000000000000000e+00 0.000000000000000000e+00 0.000000000000000000e+00
1.352000000000000091e+00 0.000000000000000000e+00 0.000000000000000000e+00 0.000000000000000000e+00
1.368000000000000105e+00 0.000000000000000000e+00 0.000000000000000000e+00 0.000000000000000000e+00
1.384000000000000119e+00 0.000000000000000000e+00 0.000000000000000000e+00 0.000000000000000000e+00
1.400000000000000133e+00 0.000000000000000000e+00 0.000000000000000000e+00 0.000000000000000000e+00
1.415999999999999925e+00 0.000000000000000000e+00 0.000000000000000000e+00 0.000000000000000000e+00
1.431999999999999940e+00 0.000000000000000000e+00 0.000000000000000000e+00 0.000000000000000000e+00
1.447999999999999954e+00 0.000000000000000000e+00 0.000000000000000000e+00 0.000000000000000000e+00
1.463999999999999968e+00 0.000000000000000000e+00 0.000000000000000000e+00 0.000000000000000000e+00
1.479999999999999982e+00 0.000000000000000000e+00 0.000000000000000000e+00 0.000000000000000000e+00
1.495999999999999996e+00 0.000000000000000000e+00 0.000000000000000000e+00 0.000000000000000000e+00
1.512000000000000011e+00 0.000000000000000000e+00 0.000000000000000000e+00 0.000000000000000000e+00
1.528000000000000025e+00 0.000000000000000000e+00 0.000000000000000000e+00 0.000000000000000000e+00
1.544000000000000039e+00 0.000000000000000000e+00 0.000000000000000000e+00 0.000000000000000000e+00
1.560000000000000053e+00 0.000000000000000000e+00 0.000000000000000000e+00 0.000000000000000000e+00
1.576000000000000068e+00 0.000000000000000000e+00 0.000000000000000000e+00 0.000000000000000000e+00
1.592000000000000082e+00 0.000000000000000000e+00 0.000000000000000000e+00 0.000000000000000000e+00
1.608000000000000096e+00 0.000000000000000000e+00 0.000000000000000000e+00 0.000000000000000000e+00
1.624000000000000110e+00 0.000000000000000000e+00 0.000000000000000000e+00 0.000000000000000000e+00
1.640000000000000124e+00 0.000000000000000000e+00 0.000000000000000000e+00 0.000000000000000000e+00
1.656000000000000139e+00 0.000000000000000000e+00 0.000000000000000000e+00 0.000000000000000000e+00
1.672000000000000153e+00 0.000000000000000000e+00 0.000000000000000000e+00 0.000000000000000000e+00
1.687999999999999945e+00 0.000000000000000000e+00 0.000000000000000000e+00 0.000000000000000000e+00
1.703999999999999959e+00 0.000000000000000000e+00 0.000000000000000000e+00 0.000000000000000000e+00
1.719999999999999973e+00 0.000000000000000000e+00 0.000000000000000000e+00 0.000000000000000000e+00
1.735999999999999988e+00 0.000000000000000000e+00 0.000000000000000000e+00 0.000000000000000000e+00
1.752000000000000002e+00 0.000000000000000000e+00 0.000000000000000000e+00 0.000000000000000000e+00
1.768000000000000016e+00 0.000000000000000000e+00 0.000000000000000000e+00 0.000000000000000000e+00
1.784000000000000030e+00 0.000000000000000000e+00 0.000000000000000000e+00 0.000000000000000000e+00
1.800000000000000044e+00 0.000000000000000000e+00 0.000000000000000000e+00 0.000000000000000000e+00
1.816000000000000059e+00 0.000000000000000000e+00 0.000000000000000000e+00 0.000000000000000000e+00
1.832000000000000073e+00 0.000000000000000000e+00 0.000000000000000000e+00 0.000000000000000000e+00
1.848000000000000087e+00 0.000000000000000000e+00 0.000000000000000000e+00 0.000000000000000000e+00
1.864000000000000101e+00 0.000000000000000000e+00 0.000000000000000000e+00 0.000000000000000000e+00
1.880000000000000115e+00 0.000000000000000000e+00 0.000000000000000000e+00 0.000000000000000000e+00
1.896000000000000130e+00 0.000000000000000000e+00 0.000000000000000000e+00 0.000000000000000000e+00
1.912000000000000144e+00 0.000000000000000000e+00 0.000000000000000000e+00 8.330338891813024205e-09
1.927999999999999936e+00 0.000000000000000000e+00 0.000000000000000000e+00 5.140852611702902510e-08
1.943999999999999950e+00 0.000000000000000000e+00 0.000000000000000000e+00 2.187546808610814449e-07
1.959999999999999964e+00 0.000000000000000000e+00 0.000000000000000000e+00 6.725940148778182723e-07
1.975999999999999979e+00 0.000000000000000000e+00 0.000000000000000000e+00 2.060102566117363795e-06
1.991999999999999993e+00 0.000000000000000000e+00 0.000000000000000000e+00 6.637508429084806164e-06
2.008000000000000007e+00 0.000000000000000000e+00 0.000000000000000000e+00 1.940341693146798159e-05
2.024000000000000021e+00 0.000000000000000000e+00 0.000000000000000000e+00 5.254533705052364615e-05
2.040000000000000036e+00 0.000000000000000000e+00 0.000000000000000000e+00 1.334675647154667864e-04
2.056000000000000050e+00 0.000000000000000000e+00 0.000000000000000000e+00 3.163399103215995220e-04
2.072000000000000064e+00 0.000000000000000000e+00 0.000000000000000000e+00 7.097171461087128106e-04
2.088000000000000078e+00 0.000000000000000000e+00 0.000000000000000000e+00 1.513208360890106689e-03
2.104000000000000092e+00 0.000000000000000000e+00 0.000000000000000000e+00 3.076805921340243413e-03
2.120000000000000107e+00 0.000000000000000000e+00 0.000000000000000000e+00 6.003354361559012572e-03
2.136000000000000121e+00 0.000000000000000000e+00 0.000000000000000000e+00 1.128343682259477440e-02
2.152000000000000135e+00 0.000000000000000000e+00 0.000000000000000000e+00 2.049799166736131564e-02
2.168000000000000149e+00 0.000000000000000000e+00 0.000000000000000000e+00 3.607284720138853595e-02
2.184000000000000163e+00 0.000000000000000000e+00 0.000000000000000000e+00 6.160711675640118817e-02
2.200000000000000178e+00 0.000000000000000000e+00 0.000000000000000000e+00 1.022253354390261632e-01
2.216000000000000192e+00 0.000000000000000000e+00 0.000000000000000000e+00 1.649384641229106330e-01
2.232000000000000206e+00 1.331616634959888038e-04 3.112153729203276419e-04 2.589184238544019467e-01
2.248000000000000220e+00 5.237483463384590924e-04 1.241677260116499579e-03 3.955986975723627674e-01
2.264000000000000234e+00 1.680467278035388491e-03 4.040883729234443118e-03 5.884919646308567343e-01
2.280000000000000249e+00 3.186028971316065377e-03 7.769854097246596709e-03 8.525842050559059304e-01
2.296000000000000263e+00 9.931671959610753261e-03 2.456176563038238794e-02 1.203238378381450646e+00
2.312000000000000277e+00 3.558483526434545047e-02 8.923476169803307156e-02 1.654573157576368914e+00
2.327999999999999847e+00 8.451620824423371203e-02 2.148816873035415409e-01 2.217390734295253907e+00
2.343999999999999861e+00 1.873443378052992159e-01 4.828911381828177585e-01 2.896839664709207618e+00
2.359999999999999876e+00 3.891445241058035243e-01 1.016783239089715796e+00 3.690108955105951605e+00
2.375999999999999890e+00 6.988307606327356369e-01 1.850795073700674420e+00 4.584549182934035017e+00
2.391999999999999904e+00 1.202130065466749276e+00 3.226764414076172205e+00 5.556620864955703176e+00
2.407999999999999918e+00 1.883796317598121828e+00 5.124368558447421229e+00 6.572026392716323606e+00
2.423999999999999932e+00 2.653150366597027521e+00 7.313420490753950176e+00 7.587242493229898521e+00
2.439999999999999947e+00 3.521979269968929849e+00 9.836937162118745803e+00 8.552447460200834684e+00
2.455999999999999961e+00 4.327971119098055652e+00 1.224713564628714657e+01 9.415612991929872777e+00
2.471999999999999975e+00 5.014320682815223584e+00 1.437482237614879210e+01 1.012728218935959745e+01
2.487999999999999989e+00 5.422933740566350913e+00 1.574811215817680043e+01 1.064541949982884184e+01
2.504000000000000004e+00 5.598146635057885234e+00 1.646669221782092407e+01 1.093964759727696645e+01
2.520000000000000018e+00 5.463809765300310595e+00 1.627758982547785038e+01 1.099427115520058962e+01
2.536000000000000032e+00 5.112572003787368757e+00 1.542522064540555071e+01 1.080966141003281855e+01
2.552000000000000046e+00 4.571888686900084764e+00 1.396852138779279251e+01 1.040184129841615146e+01
2.568000000000000060e+00 3.873519917746108820e+00 1.198365455194808327e+01 9.800386188171431812e+00
2.584000000000000075e+00 3.189982909969407032e+00 9.992331282506199841e+00 9.045009858978932726e+00
2.600000000000000089e+00 2.540172286236776600e+00 8.055700631690324798e+00 8.181367920520829173e+00
2.616000000000000103e+00 1.964793873614105513e+00 6.307916323580652573e+00 7.256684087417692552e+00
2.632000000000000117e+00 1.475467946879251979e+00 4.795070515748191653e+00 6.315749519349158625e+00
2.648000000000000131e+00 1.081572419716081201e+00 3.557828541143420065e+00 5.397740056842054379e+00
2.664000000000000146e+00 7.929482861570192886e-01 2.640017190703535022e+00 4.534089672877166244e+00
2.680000000000000160e+00 5.607289286806825812e-01 1.889365581447352449e+00 3.747495253920703817e+00
2.696000000000000174e+00 3.952246554049119731e-01 1.347650430096299923e+00 3.051946649790040489e+00
2.712000000000000188e+00 2.869365989575239362e-01 9.900537333407415375e-01 2.453571782907993715e+00
2.728000000000000203e+00 2.059172038768122548e-01 7.189104779308306270e-01 1.952013504141642430e+00
2.744000000000000217e+00 1.590728613463206764e-01 5.618983492124554058e-01 1.542070423479487307e+00
2.760000000000000231e+00 1.141604534317199326e-01 4.079691261405479774e-01 1.215352191336100063e+00
2.776000000000000245e+00 9.503657633867122756e-02 3.435762658159377536e-01 9.617610264345018978e-01
2.792000000000000259e+00 7.609744053702477418e-02 2.782879021392755670e-01 7.707156775120717063e-01
2.808000000000000274e+00 6.927337604832259355e-02 2.562441796157111651e-01 6.320424048275450346e-01
2.823999999999999844e+00 6.357609889239389245e-02 2.378574230148745861e-01 5.365648690848424662e-01
2.839999999999999858e+00 6.393841706057208640e-02 2.419312722452874320e-01 4.764082484113978944e-01
2.855999999999999872e+00 6.329432787933425564e-02 2.422002838127138014e-01 4.451106540581595272e-01
2.871999999999999886e+00 6.774197357120860519e-02 2.621320749590813626e-01 4.375646098802676298e-01
2.887999999999999901e+00 7.184362150360452948e-02 2.811098368051332397e-01 4.498777703900723179e-01
2.903999999999999915e+00 8.322229593873259335e-02 3.292504415452350841e-01 4.791857227824255494e-01
2.919999999999999929e+00 9.281120496175053469e-02 3.712441023212431079e-01 5.234393140564249647e-01
2.935999999999999943e+00 1.156429043099065357e-01 4.676538798069191372e-01 5.812229678565858926e-01
2.951999999999999957e+00 1.201095932468953659e-01 4.910252795594182706e-01 6.515907708362340678e-01
2.967999999999999972e+00 1.418206129243308189e-01 5.860849917200350312e-01 7.339204828728033148e-01
2.983999999999999986e+00 1.622757639898568804e-01 6.778674012173214747e-01 8.278107356944875983e-01
3.000000000000000000e+00 1.911839013531884679e-01 8.072113842051573673e-01 9.329938667721919821e-01
3.016000000000000014e+00 2.171302122425528558e-01 9.265660436103306807e-01 1.049279095100140502e+00
3.032000000000000028e+00 2.419454227957971160e-01 1.043444257644915218e+00 1.176502080085213953e+00
3.048000000000000043e+00 2.692335603385437315e-01 1.173417521213310222e+00 1.314493651382519390e+00
3.064000000000000057e+00 2.965925237546640503e-01 1.306264638885777263e+00 1.463056872151137222e+00
3.080000000000000071e+00 3.356607443018172487e-01 1.493810250721917310e+00 1.621947281411474373e+00
3.096000000000000085e+00 3.691117122980539511e-01 1.659790135290404978e+00 1.790868374758586956e+00
3.112000000000000099e+00 4.057015867133393905e-01 1.843229158157400960e+00 1.969467192354848795e+00
3.128000000000000114e+00 4.466523254328909620e-01 2.050201454288948177e+00 2.157346579413042864e+00
3.144000000000000128e+00 4.912099920026179456e-01 2.277853118336644833e+00 2.354076662608742598e+00
3.160000000000000142e+00 5.227856877774813560e-01 2.449014202593164047e+00 2.559209157131963508e+00
3.176000000000000156e+00 5.641614931118369425e-01 2.669671815743609233e+00 2.772301225489979259e+00
3.192000000000000171e+00 6.085526902370753666e-01 2.908823706924609453e+00 2.992926485112369139e+00
3.208000000000000185e+00 6.461466626855870699e-01 3.119559502830167919e+00 3.220686255753329785e+00
3.224000000000000199e+00 7.030657323334187359e-01 3.428304952743197020e+00 3.455209446721446476e+00
3.240000000000000213e+00 7.429154553106012138e-01 3.658666827937817612e+00 3.696156943957967567e+00
3.256000000000000227e+00 7.643641552561855068e-01 3.801566169588494137e+00 3.943193394035444665e+00
3.272000000000000242e+00 8.225121519449788421e-01 4.131068173700257695e+00 4.195979865310960122e+00
3.288000000000000256e+00 8.616856975442679367e-01 4.370246677096234933e+00 4.454146610578573195e+00
3.304000000000000270e+00 9.124172408395603284e-01 4.672690427703992455e+00 4.717276136004272757e+00
3.320000000000000284e+00 9.528195348313993618e-01 4.926973983030166870e+00 4.984902202012444050e+00
3.336000000000000298e+00 9.961225824600175027e-01 5.200658283639691071e+00 5.256506253528746342e+00
3.351999999999999869e+00 1.038513750242301192e+00 5.474112520061749976e+00 5.531532995333359182e+00
3.367999999999999883e+00 1.084341820112857180e+00 5.770372139839333947e+00 5.809413680889665699e+00
3.383999999999999897e+00 1.137277016308571254e+00 6.109707515885006934e+00 6.089575332073171587e+00
3.399999999999999911e+00 1.181907253061636576e+00 6.409655394275412199e+00 6.371461197396205201e+00
3.415999999999999925e+00 1.221527518289986736e+00 6.687017013894569928e+00 6.654535124730111662e+00
3.431999999999999940e+00 1.250006728503450182e+00 6.907173388931828306e+00 6.938279886465693380e+00
3.447999999999999954e+00 1.283083374104523999e+00 7.156206117189920946e+00 7.222177348751967152e+00
3.463999999999999968e+00 1.331267019648660899e+00 7.494012079863531461e+00 7.505711756542067903e+00
3.479999999999999982e+00 1.363446790263659114e+00 7.746225415348823695e+00 7.788354657697783345e+00
3.495999999999999996e+00 1.417304369165694800e+00 8.126422967253047247e+00 8.069580055977125355e+00
3.512000000000000011e+00 1.463233638205230891e+00 8.466738373707602960e+00 8.348869792178298610e+00
3.528000000000000025e+00 1.499085888625782736e+00 8.753406919808396580e+00 8.625738667274019278e+00
3.544000000000000039e+00 1.503029367641483649e+00 8.856218885914731942e+00 8.899742890622386327e+00
3.560000000000000053e+00 1.553072924739312688e+00 9.233902691164306731e+00 9.170482857517159303e+00
3.576000000000000068e+00 1.569963359989038354e+00 9.418418546197832697e+00 9.437586934469551991e+00
3.592000000000000082e+00 1.616298455378782029e+00 9.783351626773852061e+00 9.700681069898383413e+00
3.608000000000000096e+00 1.645989732316526899e+00 1.005202658551841388e+01 9.959336263815000478e+00
3.624000000000000110e+00 1.663888842212399855e+00 1.025165863739272432e+01 1.021302069817562952e+01
3.640000000000000124e+00 1.693390411734319478e+00 1.052575634948112437e+01 1.046103812931121624e+01
3.656000000000000139e+00 1.714423890491209246e+00 1.075038538024439205e+01 1.070248054133273641e+01
3.672000000000000153e+00 1.729473046679149029e+00 1.093988085463196747e+01 1.093618057929761989e+01
3.688000000000000167e+00 1.775996936642993074e+00 1.133228494589627289e+01 1.116069811570741876e+01
3.704000000000000181e+00 1.795835048745997975e+00 1.155850987453731271e+01 1.137430125073405129e+01
3.720000000000000195e+00 1.806384240550479747e+00 1.172706856840917666e+01 1.157498740920002511e+01
3.736000000000000210e+00 1.821138340055533211e+00 1.192477303242168318e+01 1.176050291200035147e+01
3.752000000000000224e+00 1.849961444288152901e+00 1.221748418903652933e+01 1.192839932758233346e+01
3.768000000000000238e+00 1.845634399727778874e+00 1.229308581804733436e+01 1.207609484175823233e+01
3.784000000000000252e+00 1.868723161317124903e+00 1.255280183439900021e+01 1.220096312514405135e+01
3.800000000000000266e+00 1.868212172017405415e+00 1.265571947081835802e+01 1.230042882769934742e+01
3.816000000000000281e+00 1.875584504674680852e+00 1.281288172522089219e+01 1.237207319171698039e+01
3.832000000000000295e+00 1.865034322473773098e+00 1.284787428565635992e+01 1.241374066547622945e+01
3.847999999999999865e+00 1.857950885434578980e+00 1.290618259322159389e+01 1.242364585954844358e+01
3.863999999999999879e+00 1.837398511645084387e+00 1.286977768188013194e+01 1.240045704233720869e+01
3.879999999999999893e+00 1.820630346603628213e+00 1.285815561829793019e+01 1.234337704150868831e+01
3.895999999999999908e+00 1.782029270029541923e+00 1.268954875074381938e+01 1.225218977410044019e+01
3.911999999999999922e+00 1.748582361148444786e+00 1.255385864967624698e+01 1.212731409090759627e+01
3.927999999999999936e+00 1.715114141782934976e+00 1.241450578363923896e+01 1.196980968127468614e+01
3.943999999999999950e+00 1.670702067507521926e+00 1.219175626153802305e+01 1.178139431275306670e+01
3.959999999999999964e+00 1.627224136929447562e+00 1.197102116091517487e+01 1.156441123747948474e+01
3.975999999999999979e+00 1.581384936697102006e+00 1.172799570238266575e+01 1.132178494305319560e+01
3.991999999999999993e+00 1.507096713628632623e+00 1.126719049690431973e+01 1.105696685861534512e+01
4.008000000000000007e+00 1.454104319090745889e+00 1.095833162771374880e+01 1.077382396997998626e+01
4.024000000000000021e+00 1.384954711118950188e+00 1.052070795289421667e+01 1.047652554815428338e+01
4.040000000000000036e+00 1.341822449638037984e+00 1.027427611433538956e+01 1.016940946344427310e+01
4.056000000000000050e+00 1.276720833782163389e+00 9.853381251605147995e+00 9.856832132898414756e+00
4.072000000000000064e+00 1.222622547325665110e+00 9.510457045363532202e+00 9.543019608630341821e+00
4.088000000000000078e+00 1.156510139684450156e+00 9.067021970748516679e+00 9.231941384213078194e+00
4.104000000000000092e+00 1.105309960151486637e+00 8.733578673568700879e+00 8.927192169273736155e+00
4.120000000000000107e+00 1.062505105516612813e+00 8.460945676991116216e+00 8.631896572610934015e+00
4.136000000000000121e+00 1.008008317726399428e+00 8.089443107379063136e+00 8.348664188968019317e+00
4.152000000000000135e+00 9.643960245179350466e-01 7.799442311481050716e+00 8.079555602656489199e+00
4.168000000000000149e+00 9.329601202284869554e-01 7.603471977083192002e+00 7.826100066358056218e+00
4.184000000000000163e+00 8.944688551901870399e-01 7.345849461198250552e+00 7.589322157526401824e+00
4.200000000000000178e+00 8.647295605913792871e-01 7.156033011304742786e+00 7.369803021480151983e+00
4.216000000000000192e+00 8.351055661077316783e-01 6.963635518844224492e+00 7.167735366277579345e+00
4.232000000000000206e+00 8.039500000637386234e-01 6.754820405775515901e+00 6.982995633736309493e+00
4.248000000000000220e+00 7.719307647690565322e-01 6.534928119863256946e+00 6.815188919017722391e+00
4.264000000000000234e+00 7.614010273189918410e-01 6.494433879043964630e+00 6.663713792220502974e+00
4.280000000000000249e+00 7.443955982103027669e-01 6.397124212294717616e+00 6.527802040510240822e+00
4.296000000000000263e+00 7.082986601808618499e-01 6.132512113178864688e+00 6.406551822580993871e+00
4.312000000000000277e+00 7.042989393515008967e-01 6.143388603972342210e+00 6.298980821376947148e+00
4.328000000000000291e+00 6.887596183317834519e-01 6.052511592710254185e+00 6.204068102305403620e+00
4.344000000000000306e+00 6.826046220667679743e-01 6.042856857647133317e+00 6.120801688537724772e+00
4.360000000000000320e+00 6.671937603383690796e-01 5.950019700325155370e+00 6.048230939919205795e+00
4.376000000000000334e+00 6.591307870428868565e-01 5.921335559729770104e+00 5.985503764642510660e+00
4.392000000000000348e+00 6.395650597048527786e-01 5.787657751661527961e+00 5.931906768067044311e+00
4.408000000000000362e+00 6.379106812735397813e-01 5.814822936469830061e+00 5.886860784508455957e+00
4.424000000000000377e+00 6.290442484132692247e-01 5.775703381909593759e+00 5.849930711393292349e+00
4.440000000000000391e+00 6.206326185297467157e-01 5.739763342823221315e+00 5.820784152384810284e+00
4.456000000000000405e+00 6.130349815427337257e-01 5.710433398866231691e+00 5.799163538048240696e+00
4.472000000000000419e+00 6.027769509542167947e-01 5.655274321312550256e+00 5.784837427224772455e+00
4.488000000000000433e+00 5.996582763501235869e-01 5.666344533883463264e+00 5.777554394436187124e+00
4.504000000000000448e+00 5.943485565887330901e-01 5.656286838695046448e+00 5.777028298709607768e+00
4.520000000000000462e+00 5.970170150323477198e-01 5.722120871418443500e+00 5.782908705902835678e+00
4.536000000000000476e+00 5.944219104802342946e-01 5.737653930672167668e+00 5.794788456846680091e+00
4.552000000000000490e+00 5.988411054980894432e-01 5.821160305698837689e+00 5.812213752462667138e+00
4.568000000000000504e+00 5.841309017397348091e-01 5.718153657030906167e+00 5.834709259180285379e+00
4.584000000000000519e+00 5.851459789759336783e-01 5.768287417805670003e+00 5.861803777254422698e+00
4.600000000000000533e+00 5.966939873868106758e-01 5.923259696958869114e+00 5.893051439220775123e+00
4.616000000000000547e+00 5.896519771647119601e-01 5.894144903186299800e+00 5.928057445800305914e+00
4.631999999999999673e+00 5.897149053685610820e-01 5.935709738901477905e+00 5.966496749842857383e+00
4.647999999999999687e+00 5.835650416978275246e-01 5.914458046439357908e+00 6.008114685048305148e+00
4.663999999999999702e+00 5.921863225927938013e-01 6.043226961280922183e+00 6.052744590106982514e+00
4.679999999999999716e+00 5.919398853647265257e-01 6.082228883098334649e+00 6.100312313699546074e+00
4.695999999999999730e+00 5.932162527224207338e-01 6.137092465267912189e+00 6.150824471486245670e+00
4.711999999999999744e+00 5.987122240342992452e-01 6.236230197918668949e+00 6.204363545637417765e+00
4.727999999999999758e+00 5.869522970851773769e-01 6.155327875139279925e+00 6.261072748604923355e+00
4.743999999999999773e+00 5.924844037787356799e-01 6.255466929518882502e+00 6.321128283878473475e+00
4.759999999999999787e+00 5.930550180578676445e-01 6.303798745688055760e+00 6.384719104654709376e+00
4.775999999999999801e+00 6.025934689293866997e-01 6.448318876189822468e+00 6.452021889384491615e+00
4.791999999999999815e+00 6.047799226148067309e-01 6.515150207976767582e+00 6.523173878787986268e+00
4.807999999999999829e+00 5.927130709781071038e-01 6.427866846894052522e+00 6.598257298608764643e+00
4.823999999999999844e+00 6.105727160325411518e-01 6.665695045619550285e+00 6.677293049460505614e+00
4.839999999999999858e+00 6.107657153465738675e-01 6.712106252772120918e+00 6.760237312640302143e+00
4.855999999999999872e+00 6.188537478828325389e-01 6.846030515420934215e+00 6.846990289510310745e+00
4.871999999999999886e+00 6.179347915722509521e-01 6.880985715398582059e+00 6.937413358485736481e+00
4.887999999999999901e+00 6.187350777626952070e-01 6.935225416378654195e+00 7.031357337414686270e+00
4.903999999999999915e+00 6.268597473044703605e-01 7.072366451206295146e+00 7.128692513992907820e+00
4.919999999999999929e+00 6.367259881791101916e-01 7.230631530769269233e+00 7.229340542101390099e+00
4.935999999999999943e+00 6.379167976497528425e-01 7.291347372179896702e+00 7.333319285295320178e+00
4.951999999999999957e+00 6.482736472776249315e-01 7.457840461807143662e+00 7.440771355524637087e+00
4.967999999999999972e+00 6.563331607666266221e-01 7.599429153784576840e+00 7.551963929524412755e+00
4.983999999999999986e+00 6.463742409778967524e-01 7.532403164367295290e+00 7.667300793103795087e+00
5.000000000000000000e+00 6.604018876917088221e-01 7.745362770874104186e+00 7.787293113649819354e+00
5.016000000000000014e+00 6.607926269934375485e-01 7.799624472048552803e+00 7.912529613653306981e+00
5.032000000000000028e+00 6.680047565176638891e-01 7.935134068383902672e+00 8.043627714210149549e+00
5.048000000000000043e+00 6.764924867045264412e-01 8.087142935791396425e+00 8.181196622114221384e+00
5.064000000000000057e+00 6.864321419532054547e-01 8.258067988157561601e+00 8.325801029129172193e+00
5.080000000000000071e+00 6.880604563743603075e-01 8.330047402259523892e+00 8.477945354159240665e+00
5.096000000000000085e+00 7.014626128202651190e-01 8.545880512444322008e+00 8.638078880545808858e+00
5.112000000000000099e+00 7.119014015626791148e-01 8.727603088476845627e+00 8.806596889367753533e+00
5.128000000000000114e+00 7.162697072464341286e-01 8.836210764340888701e+00 8.983869062732713573e+00
5.144000000000000128e+00 7.304346720159009543e-01 9.067274190963123814e+00 9.170268243465852009e+00
5.160000000000000142e+00 7.409778625899435811e-01 9.255461647055904351e+00 9.366171196491666961e+00
5.176000000000000156e+00 7.539776199413990021e-01 9.476335747374669438e+00 9.571993090217070232e+00
5.192000000000000171e+00 7.603968211930769439e-01 9.616191629509556194e+00 9.788166335115626282e+00
5.208000000000000185e+00 7.791486145677539721e-01 9.914154964868327369e+00 1.001514060945105022e+01
5.224000000000000199e+00 7.894277313897810622e-01 1.010676491383822118e+01 1.025335479206973588e+01
5.240000000000000213e+00 7.981937458106755923e-01 1.028168616801832336e+01 1.050321787597582102e+01
5.256000000000000227e+00 8.154749594623171838e-01 1.056853504818961298e+01 1.076508000396816023e+01
5.272000000000000242e+00 8.403446588742531365e-01 1.095725317168512625e+01 1.103921153093030938e+01
5.288000000000000256e+00 8.510568807239866640e-01 1.116438820635082152e+01 1.132579243297702654e+01
5.304000000000000270e+00 8.660324573655265867e-01 1.142969519198560846e+01 1.162489215556685096e+01
5.320000000000000284e+00 8.857873668099817133e-01 1.176105269111458718e+01 1.193647927499628736e+01
5.336000000000000298e+00 9.058288207546230097e-01 1.209960591026945664e+01 1.226040333505173763e+01
5.352000000000000313e+00 9.256728521362349582e-01 1.243893463369638219e+01 1.259640837796707480e+01
5.368000000000000327e+00 9.519748382525398123e-01 1.286897428366534868e+01 1.294411817195249803e+01
5.384000000000000341e+00 9.639998271266079222e-01 1.310933034532127550e+01 1.330301125655240746e+01
5.400000000000000355e+00 9.867488872677876444e-01 1.349856536891404168e+01 1.367240915041647753e+01
5.416000000000000369e+00 1.017179673097922121e+00 1.399743415529008850e+01 1.405142678903261810e+01
5.432000000000000384e+00 1.038027479406329112e+00 1.436884375057416463e+01 1.443893951285238586e+01
5.448000000000000398e+00 1.050021714093063219e+00 1.462062462679566366e+01 1.483356706895694010e+01
5.464000000000000412e+00 1.080765272957418421e+00 1.513722310342189026e+01 1.523363959632866305e+01
5.480000000000000426e+00 1.104210749069912900e+00 1.555630812013622410e+01 1.563720689373634798e+01
5.496000000000000441e+00 1.134845762957119586e+00 1.608139567467400255e+01 1.604205958086559036e+01
5.512000000000000455e+00 1.160285173011099458e+00 1.653775711862351372e+01 1.644575968788131348e+01
5.528000000000000469e+00 1.184607987248703420e+00 1.698259975646614350e+01 1.684569082549384689e+01
5.544000000000000483e+00 1.203207710625085802e+00 1.734924174884438841e+01 1.723909421048110246e+01
5.560000000000000497e+00 1.226788679047074559e+00 1.779150929342364407e+01 1.762311545065612250e+01
5.576000000000000512e+00 1.244103416252764438e+00 1.814660817098716450e+01 1.799485401114837657e+01
5.592000000000000526e+00 1.254926651876544064e+00 1.840967481922302795e+01 1.835141222410543449e+01
5.608000000000000540e+00 1.287878438599604047e+00 1.900134447537491766e+01 1.868997746439339736e+01
5.624000000000000554e+00 1.302703831755106512e+00 1.932990695932391745e+01 1.900789648799253229e+01
5.639999999999999680e+00 1.322824413867426330e+00 1.974030500461719839e+01 1.930277606904787291e+01
5.655999999999999694e+00 1.334823371579193063e+00 2.003254157720909845e+01 1.957257171318340028e+01
5.671999999999999709e+00 1.337793254240722707e+00 2.019086360934512214e+01 1.981566648567552491e+01
5.687999999999999723e+00 1.350929175486094147e+00 2.050431218756402529e+01 2.003090267659802493e+01
5.703999999999999737e+00 1.344248400589773018e+00 2.051785759020042121e+01 2.021758229312890620e+01
5.719999999999999751e+00 1.354660450154816287e+00 2.079294276979639733e+01 2.037541791029573446e+01
5.735999999999999766e+00 1.350124712123905502e+00 2.083941967754833513e+01 2.050448622076862293e+01
5.751999999999999780e+00 1.340462196247302451e+00 2.080586490819291967e+01 2.060514580474461610e+01
5.767999999999999794e+00 1.349178919567767698e+00 2.105782437746497138e+01 2.067799753803152996e+01
5.783999999999999808e+00 1.344521344317419320e+00 2.110171332447670878e+01 2.072384857306780503e+01
5.799999999999999822e+00 1.340387691759269861e+00 2.115338468829058272e+01 2.074371211874284526e+01
5.815999999999999837e+00 1.329668272616527203e+00 2.110015039753807997e+01 2.073882255288511089e+01
5.831999999999999851e+00 1.312322603077016092e+00 2.093963410936469671e+01 2.071065888769894769e+01
5.847999999999999865e+00 1.302461883570976475e+00 2.089648307443218656e+01 2.066094520968166393e+01
5.863999999999999879e+00 1.295864096096126072e+00 2.090455030629435385e+01 2.059165126873850582e+01
5.879999999999999893e+00 1.275373956905987427e+00 2.068643465481457611e+01 2.050494672244503391e+01
5.895999999999999908e+00 1.259916857102101995e+00 2.054708820950482107e+01 2.040315064955244395e+01
5.911999999999999922e+00 1.239146809317579478e+00 2.031819213236490285e+01 2.028868084594133947e+01
5.927999999999999936e+00 1.233135245959137150e+00 2.032921224497937018e+01 2.016396075665136323e+01
5.943999999999999950e+00 1.211573151278529714e+00 2.008171000549371499e+01 2.003137894395283780e+01
5.959999999999999964e+00 1.196767094265082099e+00 1.994323505915067685e+01 1.989323754778883213e+01
5.975999999999999979e+00 1.176260579662733896e+00 1.970689348712015843e+01 1.975171275173721597e+01
5.991999999999999993e+00 1.161999407706253873e+00 1.957234962783200416e+01 1.960884043904415108e+01
6.008000000000000007e+00 1.147191508620785783e+00 1.942626106292821575e+01 1.946650476176780487e+01
6.024000000000000021e+00 1.139985128454837238e+00 1.940718569041872499e+01 1.932643507368871738e+01
6.040000000000000036e+00 1.108035793958967785e+00 1.896361441792242886e+01 1.919021784558126598e+01
6.056000000000000050e+00 1.104248669223141244e+00 1.899905791326001747e+01 1.905928746991338585e+01
6.072000000000000064e+00 1.089716781630559739e+00 1.884823178717230263e+01 1.893493298939473135e+01
6.088000000000000078e+00 1.075910595743056808e+00 1.870763643012501021e+01 1.881829903418362093e+01
6.104000000000000092e+00 1.060234299115105250e+00 1.853208778279359237e+01 1.871036458839205352e+01
6.120000000000000107e+00 1.055237060295075358e+00 1.854156247056930340e+01 1.861195513800213064e+01
6.136000000000000121e+00 1.036971586948673973e+00 1.831601572851280935e+01 1.852371982215231938e+01
6.152000000000000135e+00 1.032530140224867443e+00 1.833280168485755013e+01 1.844612655106563182e+01
6.168000000000000149e+00 1.016572628344446727e+00 1.814348003199611981e+01 1.837947495849727630e+01
6.184000000000000163e+00 1.016177417398506311e+00 1.823064147059003659e+01 1.832388740106815916e+01
6.200000000000000178e+00 1.006999509560402517e+00 1.815959201178488058e+01 1.827933968087370431e+01
6.216000000000000192e+00 9.936640576965291016e-01 1.801171397023719578e+01 1.824567361685135580e+01
6.232000000000000206e+00 1.000561533199722852e+00 1.823022969665115411e+01 1.822262194583187878e+01
6.248000000000000220e+00 9.835406329249161139e-01 1.801224300236755127e+01 1.820983625288693375e+01
6.264000000000000234e+00 9.837623795345181721e-01 1.810869514867674113e+01 1.820693147340458751e+01
6.280000000000000249e+00 9.761356501791034201e-01 1.806021477775555084e+01 1.821350072933034880e+01
6.296000000000000263e+00 9.745795107622852171e-01 1.812342038934417943e+01 1.822914926965870208e+01
6.312000000000000277e+00 9.726616682263420355e-01 1.817980541422486596e+01 1.825351192329868155e+01
6.328000000000000291e+00 9.693861322893130295e-01 1.821055544737201970e+01 1.828627800358909283e+01
6.344000000000000306e+00 9.668472555309071126e-01 1.825482468532893776e+01 1.832718968593149356e+01
6.360000000000000320e+00 9.625555216055161623e-01 1.826558011582656960e+01 1.837604410919784925e+01
6.376000000000000334e+00 9.651201718428585874e-01 1.840651032025683520e+01 1.843267972856076042e+01
6.392000000000000348e+00 9.536875475233546062e-01 1.827986961295918533e+01 1.849695379197993361e+01
6.408000000000000362e+00 9.581085620408090753e-01 1.845666274057895961e+01 1.856873593303552283e+01
6.424000000000000377e+00 9.578681508703795755e-01 1.854429155918521133e+01 1.864787647615947463e+01
6.440000000000000391e+00 9.607076026115194400e-01 1.869202749996351187e+01 1.873420199975453571e+01
6.456000000000000405e+00 9.648002245535186594e-01 1.886504686179954149e+01 1.882749728264042233e+01
6.472000000000000419e+00 9.548665255132616769e-01 1.876346903730890148e+01 1.892750745038127747e+01
6.488000000000000433e+00 9.585140633825625089e-01 1.892838760908735551e+01 1.903393271667079745e+01
6.504000000000000448e+00 9.567245252138838474e-01 1.898634732214460996e+01 1.914644541785517617e+01
6.520000000000000462e+00 9.645865908073304462e-01 1.923666849186445660e+01 1.926468103311568569e+01
6.536000000000000476e+00 9.661716350655824570e-01 1.936296316956986630e+01 1.938829324873379178e+01
6.552000000000000490e+00 9.704042923688114275e-01 1.954312165147538849e+01 1.951693278950290988e+01
6.568000000000000504e+00 9.606115965252361999e-01 1.944050590174532545e+01 1.965027991725738232e+01
6.584000000000000519e+00 9.763285855570004168e-01 1.985496375014856341e+01 1.978805678497936427e+01
6.600000000000000533e+00 9.737951471966166395e-01 1.989980982699851708e+01 1.992999877580500367e+01
6.616000000000000547e+00 9.792094934815579466e-01 2.010759167668476621e+01 2.007583519230625413e+01
6.632000000000000561e+00 9.718438621311800141e-01 2.005298275202004277e+01 2.022525889993560710e+01
6.648000000000000576e+00 9.784088591886896946e-01 2.028597318345606482e+01 2.037788324042571020e+01
6.664000000000000590e+00 9.812032719061468677e-01 2.044195432478873897e+01 2.053322162917380922e+01
6.679999999999999716e+00 9.907620847464888580e-01 2.074033430422429092e+01 2.069068489260428478e+01
6.695999999999999730e+00 9.876023186347980820e-01 2.077334528868742680e+01 2.084961048161099839e+01
6.711999999999999744e+00 9.969041640856620701e-01 2.106933142552868787e+01 2.100930807408389711e+01
6.727999999999999758e+00 1.000751489209112277e+00 2.125160130636816902e+01 2.116914146957416776e+01
6.743999999999999773e+00 9.995189325498584632e-01 2.132650049306225171e+01 2.132859364543442382e+01
6.759999999999999787e+00 1.004056265566309003e+00 2.152508581383023767e+01 2.148733100490742842e+01
6.775999999999999801e+00 1.008986557629334868e+00 2.173329745273027669e+01 2.164524237549986552e+01
6.791999999999999815e+00 1.006841668161902792e+00 2.178963643726786970e+01 2.180243424299239763e+01
6.807999999999999829e+00 1.010906275913990848e+00 2.198079702619163101e+01 2.195920097494398604e+01
6.823999999999999844e+00 1.015310826655600795e+00 2.218045764532816833e+01 2.211594608047330723e+01
6.839999999999999858e+00 1.005295137290402874e+00 2.206476133948103069e+01 2.227311684461828278e+01
6.855999999999999872e+00 1.019868433638412952e+00 2.248946979929950984e+01 2.243110312462246370e+01
6.871999999999999886e+00 1.016695297952952437e+00 2.252426175852221490e+01 2.259017423310559991e+01
6.887999999999999901e+00 1.019385156948845017e+00 2.268913982711169552e+01 2.275041799770778184e+01
6.903999999999999915e+00 1.020988824609563084e+00 2.283053049341081930e+01 2.291170921177667807e+01
6.919999999999999929e+00 1.032184569062138957e+00 2.318798443255140285e+01 2.307369548377459978e+01
6.935999999999999943e+00 1.027640658806606933e+00 2.319278472325214224e+01 2.323584334980759891e+01
6.951999999999999957e+00 1.033748547575450427e+00 2.343839604086402062e+01 2.339744305764880394e+01
6.967999999999999972e+00 1.034702136630114122e+00 2.356812749812444707e+01 2.355768599740119384e+01
6.983999999999999986e+00 1.035756110051910373e+00 2.370060402233945851e+01 2.371570041302962295e+01
7.000000000000000000e+00 1.038768419715734304e+00 2.387856736228540200e+01 2.387063669865018767e+01
7.016000000000000014e+00 1.045796163965031944e+00 2.415014008414554425e+01 2.402173091247207637e+01
7.032000000000000028e+00 1.047595397594955458e+00 2.430215323523166404e+01 2.416836019313245743e+01
7.048000000000000043e+00 1.046326054238197578e+00 2.438328863076499076e+01 2.431008956009322830e+01
7.064000000000000057e+00 1.053076944269156767e+00 2.465215755803252762e+01 2.444669034390690854e+01
7.080000000000000071e+00 1.046750552786085198e+00 2.461518835511791892e+01 2.457813114905989949e+01
7.096000000000000085e+00 1.046826651495762706e+00 2.472836677595950050e+01 2.470452843185551473e+01
7.112000000000000099e+00 1.046101007751538470e+00 2.482278841449073070e+01 2.482609890902628536e+01
7.128000000000000114e+00 1.047159951018077795e+00 2.495984334275025418e+01 2.494308069058265076e+01
7.144000000000000128e+00 1.047808316126415340e+00 2.508754599891567594e+01 2.505566639136886309e+01
7.160000000000000142e+00 1.049761796085000087e+00 2.524702773450516702e+01 2.516397587443950101e+01
7.176000000000000156e+00 1.047870604212926882e+00 2.531430255366044335e+01 2.526800682626095451e+01
7.192000000000000171e+00 1.045440595508606574e+00 2.536834683263213108e+01 2.536765731654721989e+01
7.208000000000000185e+00 1.050053063127394992e+00 2.559376931214010398e+01 2.546275005304439532e+01
7.224000000000000199e+00 1.047462181571177542e+00 2.564408899909559381e+01 2.555307518081399465e+01
7.240000000000000213e+00 1.043613352435094788e+00 2.566316454009560033e+01 2.563842998515498195e+01
7.256000000000000227e+00 1.044187144391634403e+00 2.579089059590711841e+01 2.571866529730966988e+01
7.272000000000000242e+00 1.040022320832092895e+00 2.580143433631910810e+01 2.579372866351594240e+01
7.288000000000000256e+00 1.043627701233685867e+00 2.600493515241648979e+01 2.586367158830386970e+01
7.304000000000000270e+00 1.042278885924498688e+00 2.608548514049360634e+01 2.592863262399853141e+01
7.320000000000000284e+00 1.035445114298169100e+00 2.602811365166673951e+01 2.598883728267154680e+01
7.336000000000000298e+00 1.035928121360164766e+00 2.615421665355125214e+01 2.604454369232750821e+01
7.352000000000000313e+00 1.025306553154358369e+00 2.599909188813980876e+01 2.609599067864194311e+01
7.368000000000000327e+00 1.026673736889968769e+00 2.614719681981866373e+01 2.614337346003071616e+01
7.384000000000000341e+00 1.022767393138918957e+00 2.616096133338891505e+01 2.618681363076151669e+01
7.400000000000000355e+00 1.023700411613517991e+00 2.629842662498790418e+01 2.622637237837486168e+01
7.416000000000000369e+00 1.020493334789245754e+00 2.632952740043520024e+01 2.626210631144502727e+01
7.432000000000000384e+00 1.021350551763632764e+00 2.646547413422336348e+01 2.629408341308698738e+01
7.448000000000000398e+00 1.015651766375123888e+00 2.643124456271324618e+01 2.632245757680622589e+01
7.464000000000000412e+00 1.005962921353141803e+00 2.629170095613926250e+01 2.634750352717695066e+01
7.480000000000000426e+00 1.012838352113819562e+00 2.658500722898377688e+01 2.636960201804794934e+01
7.496000000000000441e+00 9.971924088113487405e-01 2.628642761751292767e+01 2.638923675471112773e+01
7.512000000000000455e+00 9.993291259858194664e-01 2.645532815266832571e+01 2.640692986216039273e+01
7.528000000000000469e+00 9.868335934537435516e-01 2.623593794796124001e+01 2.642320048998454851e+01
7.544000000000000483e+00 9.907312214363138692e-01 2.645164331498416743e+01 2.643850740520337084e+01
7.560000000000000497e+00 9.883930337664755816e-01 2.650127177371350129e+01 2.645324068587726174e+01
7.576000000000000512e+00 9.838566412432735442e-01 2.649141783434054886e+01 2.646772513290980555e+01
7.592000000000000526e+00 9.778874192217452688e-01 2.644202470966776986e+01 2.648225058499942719e+01
7.608000000000000540e+00 9.855555044442527723e-01 2.676181380482509908e+01 2.649712344443824463e+01
7.624000000000000554e+00 9.667605489645679784e-01 2.636198714699696311e+01 2.651268030566655654e+01
7.640000000000000568e+00 9.630163986437277890e-01 2.637022581175618896e+01 2.652933799428046768e+01
7.656000000000000583e+00 9.667603288588747512e-01 2.658374236517565947e+01 2.654758708583185722e+01
7.672000000000000597e+00 9.627938512479359279e-01 2.658544569037237792e+01 2.656796741420196994e+01
7.687999999999999723e+00 9.606043788375638881e-01 2.663573959621057696e+01 2.659105948610329051e+01
7.703999999999999737e+00 9.525118236207681388e-01 2.652139553681004713e+01 2.661744053206288640e+01
7.719999999999999751e+00 9.438861160548100981e-01 2.639050177031863598e+01 2.664766363099209201e+01
7.735999999999999766e+00 9.510237684865062713e-01 2.670039844971552867e+01 2.668222319800219466e+01
7.751999999999999780e+00 9.477708426946352960e-01 2.671925354037749756e+01 2.672155932500398023e+01
7.767999999999999794e+00 9.415796211023723661e-01 2.665440137260454989e+01 2.676602160489351689e+01
7.783999999999999808e+00 9.462403027929828792e-01 2.689679577243833819e+01 2.681589710671552851e+01
7.799999999999999822e+00 9.350852975115391263e-01 2.668909717815612836e+01 2.687138889431794908e+01
7.815999999999999837e+00 9.353510667912338095e-01 2.680631991984229145e+01 2.693263460267220921e+01
7.831999999999999851e+00 9.305262513893188814e-01 2.677734020402833437e+01 2.699974271265029557e+01
7.847999999999999865e+00 9.369038166950887092e-01 2.707113383490236558e+01 2.707278266880730655e+01
7.863999999999999879e+00 9.386293926459722270e-01 2.723169087499078600e+01 2.715184676889139581e+01
7.879999999999999893e+00 9.340943319117740451e-01 2.721050618299871360e+01 2.723704613257038076e+01
7.895999999999999908e+00 9.302252004591960999e-01 2.720795051526516772e+01 2.732854343479398196e+01
7.911999999999999922e+00 9.277272378774910067e-01 2.724496873109137596e+01 2.742653593037246651e+01
7.927999999999999936e+00 9.341641975984585899e-01 2.754507445848547675e+01 2.753122731210436314e+01
7.943999999999999950e+00 9.289101050636763279e-01 2.750081771073334025e+01 2.764279333840897124e+01
7.959999999999999964e+00 9.281983656528502991e-01 2.759055164929107207e+01 2.776135493403980803e+01
7.975999999999999979e+00 9.329943764509369686e-01 2.784471427116980990e+01 2.788690286774169635e+01
7.991999999999999993e+00 9.321813204767759320e-01 2.793217765252448714e+01 2.801929596035910208e+01
8.007999999999999119e+00 9.303767800511852926e-01 2.798984161225946821e+01 2.815825358796506350e+01
8.023999999999999133e+00 9.356128901278968346e-01 2.825995627868151416e+01 2.830337723271789230e+01
8.039999999999999147e+00 9.377223072691499572e-01 2.843673913579713286e+01 2.845419984946009961e+01
8.055999999999999162e+00 9.349413500304122326e-01 2.846536336743050555e+01 2.861023548802391048e+01
8.071999999999999176e+00 9.432506455562948977e-01 2.883253757003536322e+01 2.877104896096804865e+01
8.087999999999999190e+00 9.399621275461522707e-01 2.884603258740561316e+01 2.893630148578151307e+01
8.103999999999999204e+00 9.469089287929902676e-01 2.917430543856924885e+01 2.910574633460290173e+01
8.119999999999999218e+00 9.460813133853663848e-01 2.926401913364828999e+01 2.927921020442725109e+01
8.135999999999999233e+00 9.467632421720054703e-01 2.940063544758342218e+01 2.945656905746707466e+01
8.151999999999999247e+00 9.476394122376192719e-01 2.954370143483927080e+01 2.963764713692179242e+01
8.167999999999999261e+00 9.473452316681438834e-01 2.965057915403211197e+01 2.982220562313468903e+01
8.183999999999999275e+00 9.489846855598706998e-01 2.981836966025056057e+01 3.000987957141824580e+01
8.199999999999999289e+00 9.555310441389170961e-01 3.014157591878795728e+01 3.020022125033577609e+01
8.215999999999999304e+00 9.622918319332636194e-01 3.047341384690325938e+01 3.039272545549051330e+01
8.231999999999999318e+00 9.697268430629374381e-01 3.082858489645230193e+01 3.058690603026823851e+01
8.247999999999999332e+00 9.676017637552812856e-01 3.088071909983572638e+01 3.078236983927518011e+01
8.263999999999999346e+00 9.649196360087962665e-01 3.091471238571040203e+01 3.097886157579887367e+01
8.279999999999999361e+00 9.646508049996002088e-01 3.102589037662342619e+01 3.117629916840681048e+01
8.295999999999999375e+00 9.694121131560751170e-01 3.129964255540646789e+01 3.137471657033869832e+01
8.311999999999999389e+00 9.754231792876303375e-01 3.161532057061650747e+01 3.157422973612483474e+01
8.327999999999999403e+00 9.757215734957583875e-01 3.174686092991991160e+01 3.177496849821085334e+01
8.343999999999999417e+00 9.794655774107599022e-01 3.199125057754367063e+01 3.197699943085478935e+01
8.359999999999999432e+00 9.823619496240182380e-01 3.220902186968439196e+01 3.218028675872853483e+01
8.375999999999999446e+00 9.784152553130849306e-01 3.220253062528413324e+01 3.238469624692528015e+01
8.391999999999999460e+00 9.845048136452999588e-01 3.252686770766515423e+01 3.259001193982940947e+01
8.407999999999999474e+00 9.909257795893920973e-01 3.286396671821271553e+01 3.279597478246253672e+01
8.423999999999999488e+00 9.940156234255133061e-01 3.309202744716440492e+01 3.300239054779525816e+01
8.439999999999999503e+00 9.936863460850161589e-01 3.320684879646256604e+01 3.320914657089396371e+01
8.455999999999999517e+00 9.998922050013540064e-01 3.354104430874986065e+01 3.341627531735945666e+01
8.471999999999999531e+00 9.966008479714353330e-01 3.355726794227005172e+01 3.362395321939622761e+01
8.487999999999999545e+00 1.002642584036655293e+00 3.388834320436561143e+01 3.383243664496927749e+01
8.503999999999999559e+00 1.000285204122548732e+00 3.393624581691401687e+01 3.404202763415067778e+01
8.519999999999999574e+00 1.004358119890257584e+00 3.420276635160801249e+01 3.425297353238968867e+01
8.535999999999999588e+00 1.004804070843470898e+00 3.434659173031367629e+01 3.446539277941633372e+01
8.551999999999999602e+00 1.007702780400052900e+00 3.457492846961978472e+01 3.467924872173148998e+01
8.567999999999999616e+00 1.012799075279970262e+00 3.487993451026733283e+01 3.489432846844233893e+01
8.583999999999999631e+00 1.015054645892212948e+00 3.508829699116228085e+01 3.511030359486318986e+01
8.599999999999999645e+00 1.023502147044898170e+00 3.551232524358815112e+01 3.532676689873073883e+01
8.615999999999999659e+00 1.023131720503777986e+00 3.563168653673352537e+01 3.554333489986960615e+01
8.631999999999999673e+00 1.022764696173604770e+00 3.575131668136635454e+01 3.575966928968565384e+01
8.647999999999999687e+00 1.025343511129004126e+00 3.597445293076757622e+01 3.597553157620046704e+01
8.663999999999999702e+00 1.026715917503385533e+00 3.615602111596168555e+01 3.619074898845823185e+01
8.679999999999999716e+00 1.027467499510511972e+00 3.631624963259881866e+01 3.640515898357516278e+01
8.695999999999999730e+00 1.032684560429672826e+00 3.663533736329305412e+01 3.661858095643514588e+01
8.711999999999999744e+00 1.038537096424106743e+00 3.697866230816654110e+01 3.683076032001088151e+01
8.727999999999999758e+00 1.032331094807933169e+00 3.689282681051056301e+01 3.704132921115206756e+01
8.743999999999999773e+00 1.038768137900681676e+00 3.725910058007912795e+01 3.724986620389253744e+01
8.759999999999999787e+00 1.041937059886881123e+00 3.750966165875327363e+01 3.745590950849853584e+01
8.775999999999999801e+00 1.042027770001005438e+00 3.765008588539977552e+01 3.765902974298134609e+01
8.791999999999999815e+00 1.054728851116707666e+00 3.824807953355387014e+01 3.785887098118477923e+01
8.807999999999999829e+00 1.046466528462082435e+00 3.808670506326109262e+01 3.805520814683551833e+01
8.823999999999999844e+00 1.046765806942046018e+00 3.823613406624100719e+01 3.824790957940802372e+01
8.839999999999999858e+00 1.049062834385860565e+00 3.845913219370908820e+01 3.843693026929759782e+01
8.855999999999999872e+00 1.046716669863626770e+00 3.851215364159250498e+01 3.862223575688922494e+01
8.871999999999999886e+00 1.052347780398714905e+00 3.885937441202452902e+01 3.880376981306281436e+01
8.887999999999999901e+00 1.051319535665878657e+00 3.896155443830960508e+01 3.898138772935106999e+01
8.903999999999999915e+00 1.057052409480787158e+00 3.931518034616491519e+01 3.915487606483853256e+01
8.919999999999999929e+00 1.052543135489544479e+00 3.928828404622958459e+01 3.932398115515758974e+01
8.935999999999999943e+00 1.060955732202661039e+00 3.974449954840295618e+01 3.948844732714907479e+01
8.951999999999999957e+00 1.054386698703255298e+00 3.963998802898782259e+01 3.964807089790870975e+01
8.967999999999999972e+00 1.057786445587689306e+00 3.991008437270359366e+01 3.980274922148316818e+01
8.983999999999999986e+00 1.060551512566179300e+00 4.015731832447317373e+01 3.995245705258701463e+01
9.000000000000000000e+00 1.053480886877808276e+00 4.003180095291622109e+01 4.009723493476166567e+01
9.016000000000000014e+00 1.054682400609268544e+00 4.022008222830734070e+01 4.023712028498596283e+01
9.032000000000000028e+00 1.059010272665435792e+00 4.052858859866176289e+01 4.037207854780123739e+01
9.048000000000000043e+00 1.050594432096235042e+00 4.034908844325759247e+01 4.050196177582320445e+01
9.064000000000000057e+00 1.055739165729945972e+00 4.069020482842179831e+01 4.062649007422031389e+01
9.080000000000000071e+00 1.055487893106774155e+00 4.082426761095490519e+01 4.074527685753348294e+01
9.096000000000000085e+00 1.057293259273429875e+00 4.103834288570104150e+01 4.085791164047395085e+01
9.112000000000000099e+00 1.053494158360730681e+00 4.103486443180626964e+01 4.096405398922375696e+01
9.128000000000000114e+00 1.056414891770657283e+00 4.129326530433131381e+01 4.106352485772967498e+01
9.144000000000000128e+00 1.053612229789958166e+00 4.132821868495904738e+01 4.115640708109985724e+01
9.160000000000000142e+00 1.049621580636755480e+00 4.131589335715599276e+01 4.124303221839131339e+01
9.176000000000000156e+00 1.045233308160147923e+00 4.128701638721367573e+01 4.132397685857021941e+01
9.192000000000000171e+00 1.049275872516080010e+00 4.159136434786818626e+01 4.139999501775486834e+01
9.208000000000000185e+00 1.041893065410223640e+00 4.144262134473694914e+01 4.147189747570386942e+01
9.224000000000000199e+00 1.036510894173862551e+00 4.137194214530987324e+01 4.154048654836924470e+01
9.239999999999998437e+00 1.037742385302760972e+00 4.156491979419519112e+01 4.160644958197158871e+01
9.255999999999998451e+00 1.040786901842846834e+00 4.183135755467902328e+01 4.167034159181620367e+01
9.271999999999998465e+00 1.031772832311972588e+00 4.161255509810711573e+01 4.173255587622898588e+01
9.287999999999998479e+00 1.036793667757581083e+00 4.195948977683514869e+01 4.179339517393931658e+01
9.303999999999998494e+00 1.032518305956435123e+00 4.193055517730291371e+01 4.185305673258768877e+01
9.319999999999998508e+00 1.029280721715083224e+00 4.194296348390616913e+01 4.191170206531909059e+01
9.335999999999998522e+00 1.026254536757968294e+00 4.196335713279243862e+01 4.196946367871084504e+01
9.351999999999998536e+00 1.022324409989364913e+00 4.194606020930687151e+01 4.202643015030520246e+01
9.367999999999998550e+00 1.021045051084391364e+00 4.203703901952889765e+01 4.208264458667883900e+01
9.383999999999998565e+00 1.017022599919126469e+00 4.201458237657789141e+01 4.213810681745138709e+01
9.399999999999998579e+00 1.020492703822205804e+00 4.230182071292674806e+01 4.219276096476735916e+01
9.415999999999998593e+00 1.018588941322369656e+00 4.236676516323189645e+01 4.224653212437569749e+01
9.431999999999998607e+00 1.014877544218631522e+00 4.235597432501601389e+01 4.229937576850260683e+01
9.447999999999998622e+00 1.010260805954027230e+00 4.230646345895323179e+01 4.235132765698271839e+01
9.463999999999998636e+00 1.008596664725509573e+00 4.237994999725297163e+01 4.240254657677554917e+01
9.479999999999998650e+00 1.008610658251074099e+00 4.252395764123491517e+01 4.245334320636068526e+01
9.495999999999998664e+00 1.005375329031745091e+00 4.253075426200115317e+01 4.250417570535022804e+01
9.511999999999998678e+00 1.004916467153274651e+00 4.265471997143475136e+01 4.255560663740006078e+01
9.527999999999998693e+00 9.971085095928395869e-01 4.246580573150501436e+01 4.260823455222556788e+01
9.543999999999998707e+00 9.961591072693223303e-01 4.256797787304207503e+01 4.266263526276898688e+01
9.559999999999998721e+00 9.947246344420617170e-01 4.264931959121689431e+01 4.271926807476594234e+01
9.575999999999998735e+00 9.934260646135130157e-01 4.273633492654466437e+01 4.277845320157540243e+01
9.591999999999998749e+00 9.883232473208471980e-01 4.265901272534625832e+01 4.284034460192535931e+01
9.607999999999998764e+00 9.922048784900110441e-01 4.296954904441616918e+01 4.290494352027527469e+01
9.623999999999998778e+00 9.898221582282366038e-01 4.300924802862830632e+01 4.297212937304760061e+01
9.639999999999998792e+00 9.875365906648934100e-01 4.305273174335713549e+01 4.304174453115052046e+01
9.655999999999998806e+00 9.854687440717240232e-01 4.310531445342052592e+01 4.311362016977388834e+01
9.671999999999998820e+00 9.847661029679763978e-01 4.321744777980313046e+01 4.318763719605318130e+01
9.687999999999998835e+00 9.795706776626036394e-01 4.313179037730742493e+01 4.326377354550054122e+01
9.703999999999998849e+00 9.768472029232269094e-01 4.315406009869418824e+01 4.334211736753362487e+01
9.719999999999998863e+00 9.827524757247788623e-01 4.355822013898321643e+01 4.342288820913048397e+01
9.735999999999998877e+00 9.782024759352752064e-01 4.349940706905376686e+01 4.350641227863602722e+01
9.751999999999998892e+00 9.779261623633479505e-01 4.363016939905309499e+01 4.359312921920209760e+01
9.767999999999998906e+00 9.750527331773160000e-01 4.364483489538300631e+01 4.368354146812280447e+01
9.783999999999998920e+00 9.745609254070807248e-01 4.376584638198187349e+01 4.377817138460846280e+01
9.799999999999998934e+00 9.684900817823017816e-01 4.363558251144208100e+01 4.387750116986401139e+01
9.815999999999998948e+00 9.684846436373624190e-01 4.377793654146326929e+01 4.398190620947084994e+01
9.831999999999998963e+00 9.710654179523523499e-01 4.403780630098472670e+01 4.409161033089090864e+01
9.847999999999998977e+00 9.725842445340633358e-01 4.425035495901801852e+01 4.420663824835712319e+01
9.863999999999998991e+00 9.714578817405155053e-01 4.434284487421928134e+01 4.432682070597552126e+01
9.879999999999999005e+00 9.654112897441915475e-01 4.420991821281380396e+01 4.445178791170892652e+01
9.895999999999999019e+00 9.685606748082936646e-01 4.449791419769608325e+01 4.458104456175850316e+01
9.911999999999999034e+00 9.720124264165989070e-01 4.480101494698016040e+01 4.471402331060696866e+01
9.927999999999999048e+00 9.685238390724264512e-01 4.478445576110333803e+01 4.485014401104980664e+01
9.943999999999999062e+00 9.680968015381979930e-01 4.490911177890207284e+01 4.498888825623477317e+01
9.959999999999999076e+00 9.716812707604464139e-01 4.522056222864270580e+01 4.512986832667211701e+01
9.975999999999999091e+00 9.725075766048353332e-01 4.540454453330794138e+01 4.527284001940189029e+01
9.991999999999999105e+00 9.679317071400911354e-01 4.533598086418244577e+01 4.541769943911559437e+01
1.000799999999999912e+01 9.672247087569006974e-01 4.544806787919112878e+01 4.556446407739977644e+01
1.002399999999999913e+01 9.673206887476727411e-01 4.559802595425324512e+01 4.571322528609909597e+01
1.003999999999999915e+01 9.715339530584273797e-01 4.594294785306055928e+01 4.586406337645592401e+01
1.005599999999999916e+01 9.702278088026793368e-01 4.602753285467514388e+01 4.601699539866701372e+01
1.007199999999999918e+01 9.690700842601814857e-01 4.611901998604081854e+01 4.617192798279995003e+01
1.008799999999999919e+01 9.676870631139329326e-01 4.619963359661655744e+01 4.632860701669561365e+01
1.010399999999999920e+01 9.682335431517845592e-01 4.637247206338992811e+01 4.648664531553568935e+01
1.011999999999999922e+01 9.719192971395201885e-01 4.669653747478089656e+01 4.664555564246972352e+01
1.013599999999999923e+01 9.717408347842056981e-01 4.683570975343365461e+01 4.680483056702129829e+01
1.015199999999999925e+01 9.727879656285062238e-01 4.703431858518565889e+01 4.696402012231610001e+01
1.016799999999999926e+01 9.729966110705814408e-01 4.719281157266749460e+01 4.712281644271852343e+01
1.018399999999999928e+01 9.748669325803146490e-01 4.743245132726750768e+01 4.728112162647412475e+01
1.019999999999999929e+01 9.706910664179693171e-01 4.737779290660449760e+01 4.743904875048105652e+01
1.021599999999999930e+01 9.701488684243161353e-01 4.749999883925210042e+01 4.759693356708934431e+01
1.023199999999999932e+01 9.749061847265031444e-01 4.788255735142433167e+01 4.775522623791604104e+01
1.024799999999999933e+01 9.713873233402127161e-01 4.785905446170971089e+01 4.791447760818157775e+01
1.026399999999999935e+01 9.690113529199140263e-01 4.789118696994596291e+01 4.807522354844281409e+01
1.027999999999999936e+01 9.700160456039806922e-01 4.809042294398775397e+01 4.823792428835248103e+01
1.029599999999999937e+01 9.750567234624053503e-01 4.849091712454728764e+01 4.840294288319422833e+01
1.031199999999999939e+01 9.743253764748764922e-01 4.860526012325209422e+01 4.857052539285555071e+01
1.032799999999999940e+01 9.730760055970820721e-01 4.869368828752312339e+01 4.874081890849971899e+01
1.034399999999999942e+01 9.748909363968575326e-01 4.893577892983503830e+01 4.891388358815926551e+01
1.035999999999999943e+01 9.728215066097165575e-01 4.898308377360627475e+01 4.908971340087664004e+01
1.037599999999999945e+01 9.742637391274012737e-01 4.920734284736510489e+01 4.926827101058569269e+01
1.039199999999999946e+01 9.754412105504497443e-01 4.941887161969864195e+01 4.944949639807110486e+01
1.040799999999999947e+01 9.757791924659781069e-01 4.958833987006875788e+01 4.963329283207683318e+01
1.042399999999999949e+01 9.765616514974799767e-01 4.978080559738971544e+01 4.981956875120200579e+01
1.043999999999999950e+01 9.776438026391567337e-01 4.998907469449193286e+01 5.000822379815819119e+01
1.045599999999999952e+01 9.779776808977870273e-01 5.015953962083690953e+01 5.019918212324216711e+01
1.047199999999999953e+01 9.809845407573137832e-01 5.046785882873302853e+01 5.039241024635918365e+01
1.048799999999999955e+01 9.798769668047998538e-01 5.056504005227167653e+01 5.058789774945370254e+01
1.050399999999999956e+01 9.821348947380292849e-01 5.083630969747265738e+01 5.078565732989092396e+01
1.051999999999999957e+01 9.767288791825442518e-01 5.071062433357105448e+01 5.098570150208605867e+01
1.053599999999999959e+01 9.852827173632251467e-01 5.131045170649677800e+01 5.118801354672837789e+01
1.055199999999999960e+01 9.799230041459667806e-01 5.118644490423164228e+01 5.139250497232391979e+01
1.056799999999999962e+01 9.859104133711447115e-01 5.165549314141136961e+01 5.159897667535202004e+01
1.058399999999999963e+01 9.866892135093616734e-01 5.185295271797639316e+01 5.180712508657359194e+01
1.059999999999999964e+01 9.854688216804862178e-01 5.194551641732935110e+01 5.201648102732808354e+01
1.061599999999999966e+01 9.887105078537269387e-01 5.227384172222770076e+01 5.222643358180788908e+01
1.063199999999999967e+01 9.878708729079495043e-01 5.238700442492863374e+01 5.243623647879286409e+01
1.064799999999999969e+01 9.893622129470226456e-01 5.262412081092045923e+01 5.264503037528373852e+01
1.066399999999999970e+01 9.931183252476475376e-01 5.298277702146817347e+01 5.285191489395479891e+01
1.067999999999999972e+01 9.889910941637041208e-01 5.292103572484703022e+01 5.305600025859451563e+01
1.069599999999999973e+01 9.920747655742612192e-01 5.324522181478755556e+01 5.325654726379577397e+01
1.071199999999999974e+01 9.984154485915975874e-01 5.374596553847632663e+01 5.345303645917672952e+01
1.072799999999999976e+01 9.961467478404212317e-01 5.378414884914477767e+01 5.364528776595861359e+01
1.074399999999999977e+01 9.999707581150371061e-01 5.415178148219703047e+01 5.383349338351486324e+01
1.075999999999999979e+01 9.955188405914969785e-01 5.407138269437536593e+01 5.401821515567355192e+01
1.077599999999999980e+01 9.914954492546690368e-01 5.401312935560632411e+01 5.420031811029272717e+01
1.079199999999999982e+01 9.939038059086715560e-01 5.430523232445302995e+01 5.438087333151888458e+01
1.080799999999999983e+01 9.950749916533545569e-01 5.453055686382548117e+01 5.456098508884367249e+01
1.082399999999999984e+01 9.945253069052956141e-01 5.466191657114422497e+01 5.474169865401793800e+01
1.083999999999999986e+01 9.952711023397934342e-01 5.486475042568508798e+01 5.492384192948522070e+01
1.085599999999999987e+01 9.956954910030058059e-01 5.505029603932965188e+01 5.510800752181087603e+01
1.087199999999999989e+01 9.991621847272180723e-01 5.540491914613532032e+01 5.529447092404811315e+01
1.088799999999999990e+01 9.953455407952995770e-01 5.535585315217998925e+01 5.548325388288782989e+01
1.090399999999999991e+01 9.990410402648296495e-01 5.572479300912879552e+01 5.567410565584924598e+01
1.091999999999999993e+01 9.965669811880953910e-01 5.575004465309690715e+01 5.586660831255375825e+01
1.093599999999999994e+01 9.974351524116585876e-01 5.596224417543531615e+01 5.606021965398362283e+01
1.095199999999999996e+01 1.001667600885669529e+00 5.636427770182743302e+01 5.625432575433828220e+01
1.096799999999999997e+01 9.981384611685035768e-01 5.632991853372962510e+01 5.644833577909817990e+01
1.098399999999999999e+01 1.004411809716513559e+00 5.684945530853074303e+01 5.664174365319529159e+01
1.100000000000000000e+01 1.001185366267537624e+00 5.683204877915539299e+01 5.683418144059997701e+01
1.101600000000000001e+01 1.004238488825515807e+00 5.717131293045509466e+01 5.702546492475356388e+01
1.103200000000000003e+01 1.001316596507653589e+00 5.717068158834410241e+01 5.721559606052215941e+01
1.104800000000000004e+01 1.002744984342603951e+00 5.741842539728100547e+01 5.740473120207696667e+01
1.106400000000000006e+01 1.003130228572562510e+00 5.760697903320939872e+01 5.759313405069167402e+01
1.108000000000000007e+01 1.002960421516387424e+00 5.776393428038876721e+01 5.778107093777902747e+01
1.109600000000000009e+01 1.000562653453225037e+00 5.779238716464286085e+01 5.796873384550643493e+01
1.111200000000000010e+01 1.006675013658293372e+00 5.831324421778003142e+01 5.815616274478763614e+01
1.112800000000000011e+01 1.002039223150880121e+00 5.821198444285970908e+01 5.834322564936789490e+01
1.114400000000000013e+01 1.006255576960577880e+00 5.862514855865088492e+01 5.852958764675662451e+01
1.116000000000000014e+01 1.001215996383600260e+00 5.849915837408143915e+01 5.871476799682768899e+01
1.117600000000000016e+01 1.007000804472338418e+00 5.900598340023174160e+01 5.889821065637520547e+01
1.119200000000000017e+01 1.008962931645928318e+00 5.929035667728721393e+01 5.907936345283606983e+01
1.120800000000000018e+01 1.009899631581595569e+00 5.951520136901084612e+01 5.925777645181698006e+01
1.122400000000000020e+01 1.004724625279249883e+00 5.937940093801651642e+01 5.943318951909579795e+01
1.124000000000000021e+01 1.002391128546981980e+00 5.941051073290554996e+01 5.960556255690674732e+01
1.125600000000000023e+01 1.007421631368342396e+00 5.987877261898803027e+01 5.977513115474026506e+01
1.127199999999999847e+01 1.007679755916517816e+00 6.006451062409162489e+01 5.994235595549093887e+01
1.128799999999999848e+01 1.005994279183017426e+00 6.013439715592354418e+01 6.010790137294843305e+01
1.130399999999999849e+01 1.007959744297603155e+00 6.042281220838517442e+01 6.027256984671308260e+01
1.131999999999999851e+01 1.006260936509646875e+00 6.049185692059059960e+01 6.043717251556604708e+01
1.133599999999999852e+01 1.000538624839417468e+00 6.031800686177021475e+01 6.060246398317222827e+01
1.135199999999999854e+01 1.003099691017219630e+00 6.064322801751943359e+01 6.076900786525604303e+01
1.136799999999999855e+01 1.002999541590740673e+00 6.080822316995101318e+01 6.093712391913356896e+01
1.138399999999999856e+01 1.004645165287231023e+00 6.107956308578414450e+01 6.110686438402728982e+01
1.139999999999999858e+01 1.009024502965505388e+00 6.151837631713571142e+01 6.127801991076952959e+01
1.141599999999999859e+01 1.004636320567415808e+00 6.142288969937341392e+01 6.145019217370921183e+01
1.143199999999999861e+01 9.998409837633652764e-01 6.130117729210427768e+01 6.162287662631057117e+01
1.144799999999999862e+01 1.008628722011160050e+00 6.201318276420783349e+01 6.179557714271104629e+01
1.146399999999999864e+01 1.007237857261591873e+00 6.210089285495035938e+01 6.196792954039953827e+01
1.147999999999999865e+01 1.005003752578193410e+00 6.213623126313929390e+01 6.213972657594521820e+01
1.149599999999999866e+01 1.007208244043556356e+00 6.244623098198905353e+01 6.231098126516453561e+01
1.151199999999999868e+01 1.005166622902901485e+00 6.249324411085719078e+01 6.248185917941248135e+01
1.152799999999999869e+01 1.003230877676581034e+00 6.254639383930812357e+01 6.265266133184111652e+01
1.154399999999999871e+01 1.002863853394348581e+00 6.269718806113465348e+01 6.282371455287226780e+01
1.155999999999999872e+01 1.002806794457653083e+00 6.286752816743933892e+01 6.299530153833891433e+01
1.157599999999999874e+01 1.006897759460701147e+00 6.329885580340440043e+01 6.316760287747280955e+01
1.159199999999999875e+01 1.005222274490979339e+00 6.336833517836520713e+01 6.334067720127765710e+01
1.160799999999999876e+01 1.002853548978113407e+00 6.339365086232507451e+01 6.351448811223026070e+01
1.162399999999999878e+01 1.004554300425299251e+00 6.367633645368435680e+01 6.368892297947336090e+01
1.163999999999999879e+01 1.005517555254487050e+00 6.391297994049497788e+01 6.386382305135642667e+01
1.165599999999999881e+01 1.007307426783677462e+00 6.420288776756764548e+01 6.403902093388708749e+01
1.167199999999999882e+01 1.007530660334145400e+00 6.439353659947791186e+01 6.421435820614109957e+01
1.168799999999999883e+01 9.997278649248713123e-01 6.407013691367589558e+01 6.438966939889002106e+01
1.170399999999999885e+01 1.002142530217381422e+00 6.440084547446694785e+01 6.456480911989879701e+01
1.171999999999999886e+01 1.003283307501757537e+00 6.465055522292406920e+01 6.473963545745127135e+01
1.173599999999999888e+01 1.008097700523950202e+00 6.513827822337417217e+01 6.491403126032693649e+01
1.175199999999999889e+01 1.006952093521366054e+00 6.524178335534304551e+01 6.508795857967454879e+01
1.176799999999999891e+01 1.005189826787539431e+00 6.530506304683676433e+01 6.526145290298013890e+01
1.178399999999999892e+01 1.005116371226756788e+00 6.547797857796363985e+01 6.543463815541807094e+01
1.179999999999999893e+01 1.003899224232135179e+00 6.557640167749569571e+01 6.560777597568826991e+01
1.181599999999999895e+01 1.003590758700147800e+00 6.573415238078567313e+01 6.578117828417130397e+01
1.183199999999999896e+01 1.001340703453174719e+00 6.576451795815384571e+01 6.595518666218434589e+01
1.184799999999999898e+01 1.003064689163604806e+00 6.605603204997215983e+01 6.613011676743914791e+01
1.186399999999999899e+01 1.005308358732214025e+00 6.638271620833893394e+01 6.630622629307262628e+01
1.187999999999999901e+01 1.004813804492716400e+00 6.652914210794533290e+01 6.648367756164071807e+01
1.189599999999999902e+01 1.005089409473502782e+00 6.672676296655954786e+01 6.666255032121929958e+01
1.191199999999999903e+01 1.003398470749777172e+00 6.679381560967372877e+01 6.684284363670053608e+01
1.192799999999999905e+01 1.001779500961250013e+00 6.686530817659526349e+01 6.702451163499030429e+01
1.194399999999999906e+01 1.004028787130722744e+00 6.719534737052747175e+01 6.720746159265604547e+01
1.195999999999999908e+01 1.005880514061780140e+00 6.749975607520846665e+01 6.739157128338055713e+01
1.197599999999999909e+01 1.003490239347095470e+00 6.751964905527960070e+01 6.757672831378063449e+01
1.199199999999999910e+01 1.003865494331111607e+00 6.772549926619538496e+01 6.776282775061928021e+01
1.200799999999999912e+01 1.003705629772619456e+00 6.789552762455474522e+01 6.794981242225208007e+01
1.202399999999999913e+01 1.005217570122149962e+00 6.817913001222650848e+01 6.813770513048473276e+01
1.203999999999999915e+01 1.005974530273442191e+00 6.841217658956952619e+01 6.832658445260337032e+01
1.205599999999999916e+01 1.003060256527787519e+00 6.839540896109001267e+01 6.851665632936217776e+01
1.207199999999999918e+01 1.005803980352043769e+00 6.876465248407829733e+01 6.870820349762104229e+01
1.208799999999999919e+01 1.007350125367841409e+00 6.905303900707733078e+01 6.890158756929378114e+01
1.210399999999999920e+01 1.002421814141463363e+00 6.889723420485758254e+01 6.909716833575797068e+01
1.211999999999999922e+01 1.003699393308369991e+00 6.916754325343563892e+01 6.929525234803585931e+01
1.213599999999999923e+01 1.003510398114322744e+00 6.933722580962059112e+01 6.949605277637935785e+01
1.215199999999999925e+01 1.007088260730732099e+00 6.976803708585859454e+01 6.969962627083225470e+01
1.216799999999999926e+01 1.005189969272360928e+00 6.982002456535289525e+01 6.990584433732345815e+01
1.218399999999999928e+01 1.008047337136787958e+00 7.020275511954700676e+01 7.011440836415432898e+01
1.219999999999999929e+01 1.006949798959898557e+00 7.031062038210127696e+01 7.032486406178493610e+01
1.221599999999999930e+01 1.006547041799960240e+00 7.046696614178966911e+01 7.053665448675977245e+01
1.223199999999999932e+01 1.006150217122138146e+00 7.062382236008363634e+01 7.074914397824440471e+01
1.224799999999999933e+01 1.008573908229613680e+00 7.097927077830784981e+01 7.096170236160388356e+01
1.226399999999999935e+01 1.011241528891244634e+00 7.135306437021603188e+01 7.117371079451427818e+01
1.227999999999999936e+01 1.009858807288886329e+00 7.144154533453883005e+01 7.138464434010174386e+01
1.229599999999999937e+01 1.010821658520871580e+00 7.169612716304980893e+01 7.159405681731819016e+01
1.231199999999999939e+01 1.008332019971714288e+00 7.170578940467547113e+01 7.180163938374015231e+01
1.232799999999999940e+01 1.007707947481212951e+00 7.184778506664653719e+01 7.200719551169807175e+01
1.234399999999999942e+01 1.013337150372899620e+00 7.243679724241114570e+01 7.221064403984304647e+01
1.235999999999999943e+01 1.010847671427072436e+00 7.244628258373415974e+01 7.241202090215233511e+01
1.237599999999999945e+01 1.012022109696867345e+00 7.271835586496973747e+01 7.261146939992036664e+01
1.239199999999999946e+01 1.009694319433230403e+00 7.273880660020432742e+01 7.280919956781687574e+01
1.240799999999999947e+01 1.011629198658000828e+00 7.306651179316692435e+01 7.300544756043565542e+01
1.242399999999999949e+01 1.011724718939892798e+00 7.326198736179058812e+01 7.320044711572855078e+01
1.243999999999999950e+01 1.008610047158510659e+00 7.322468292253824984e+01 7.339437358251414878e+01
1.245599999999999952e+01 1.010576130395188565e+00 7.355626762237237415e+01 7.358729647974334398e+01
1.247199999999999953e+01 1.013547177676169975e+00 7.396216616340439032e+01 7.377914708296047763e+01
1.248799999999999955e+01 1.009966297288914516e+00 7.389007556753344375e+01 7.396972239239097746e+01
1.250399999999999956e+01 1.010947898923736821e+00 7.415153625310071561e+01 7.415870100022951306e+01
1.251999999999999957e+01 1.009961204574803428e+00 7.426886696538360866e+01 7.434568838214731556e+01
1.253599999999999959e+01 1.012975734972449082e+00 7.468105737058121463e+01 7.453029771052597141e+01
1.255199999999999960e+01 1.010995828903881621e+00 7.472547322067852349e+01 7.471218264980133483e+01
1.256799999999999962e+01 1.014967083280896798e+00 7.521037443936506861e+01 7.489112911751387003e+01
1.258399999999999963e+01 1.009092610559337855e+00 7.496557805920468809e+01 7.506703808501697495e+01
1.259999999999999964e+01 1.013196802224109350e+00 7.546200667449195976e+01 7.523995403247091929e+01
1.261599999999999966e+01 1.006860101033123289e+00 7.518062659712808227e+01 7.541002676079594380e+01
1.263199999999999967e+01 1.008355684743312830e+00 7.548339656050401913e+01 7.557745366375694118e+01
1.264799999999999969e+01 1.011953989343983729e+00 7.594478023692779800e+01 7.574246488562599211e+01
1.266399999999999970e+01 1.009160660297941048e+00 7.592688189853423353e+01 7.590527395365324992e+01
1.267999999999999972e+01 1.006906628345589194e+00 7.594884189428640298e+01 7.606608847785045668e+01
1.269599999999999973e+01 1.009299108616354079e+00 7.632154726643503295e+01 7.622512741518517032e+01
1.271199999999999974e+01 1.009574501420063219e+00 7.653491260406087804e+01 7.638262546384476082e+01
1.272799999999999976e+01 1.008494142502745161e+00 7.664558836923751528e+01 7.653886358513531718e+01
1.274399999999999977e+01 1.006108789548983529e+00 7.665666441198324321e+01 7.669413675506197592e+01
1.275999999999999979e+01 1.002979167159688156e+00 7.661022012699150707e+01 7.684876809076689597e+01
1.277599999999999980e+01 1.006749815855522145e+00 7.709120145664088852e+01 7.700305580528468852e+01
1.279199999999999982e+01 1.004642671394950781e+00 7.712265482453035759e+01 7.715723308064890773e+01
1.280799999999999983e+01 1.005954691054286476e+00 7.741667364300695908e+01 7.731145873815994207e+01
1.282399999999999984e+01 1.002731497328588128e+00 7.736154325765542694e+01 7.746583733263868510e+01
1.283999999999999986e+01 1.002419813813981930e+00 7.753059891173023743e+01 7.762038230796633798e+01
1.285599999999999987e+01 1.004867931061856678e+00 7.791375997481524962e+01 7.777509127780534470e+01
1.287199999999999989e+01 1.001004489272734110e+00 7.780751343939115827e+01 7.792996581211443186e+01
1.288799999999999990e+01 1.005222174855243455e+00 7.832971822854383959e+01 7.808503179344715761e+01
1.290399999999999991e+01 1.001833565117133285e+00 7.825962019367574385e+01 7.824032308662424384e+01
1.291999999999999993e+01 9.999161065784728519e-01 7.830365611380109669e+01 7.839587162311583768e+01
1.293599999999999994e+01 9.995663129110028411e-01 7.847025683690058884e+01 7.855164684693113486e+01
1.295199999999999996e+01 9.980948906320482594e-01 7.854869116787394034e+01 7.870754403391188703e+01
1.296799999999999997e+01 9.998109103777811368e-01 7.887826046842961603e+01 7.886334483334650258e+01
1.298399999999999999e+01 9.996371050641102984e-01 7.905927562074938919e+01 7.901874296102189987e+01
1.300000000000000000e+01 1.000679768217979992e+00 7.933690841198620092e+01 7.917338007497710350e+01
1.301600000000000001e+01 9.975853894692013890e-01 7.928638350275905111e+01 7.932692946666786327e+01
1.303200000000000003e+01 9.973812541488933370e-01 7.946516564400776872e+01 7.947915798825275147e+01
1.304800000000000004e+01 9.991571207349688732e-01 7.980224937788489115e+01 7.963003236453937461e+01
1.306400000000000006e+01 9.962737623781514618e-01 7.976722531860407628e+01 7.977972949184596985e+01
1.308000000000000007e+01 9.963037343505989352e-01 7.996513875517139525e+01 7.992866219354122848e+01
1.309600000000000009e+01 9.961272508043691465e-01 8.014669221178252201e+01 8.007742524385760419e+01
1.311200000000000010e+01 9.947150840904039892e-01 8.022875150592831517e+01 8.022672252331955178e+01
1.312800000000000011e+01 9.903985110500670430e-01 8.007566682304492645e+01 8.037728234408217531e+01
1.314400000000000013e+01 9.947375601733018380e-01 8.062264956731456778e+01 8.052975021901620778e+01
1.316000000000000014e+01 9.927570794132696275e-01 8.065814324979754701e+01 8.068465235243719746e+01
1.317600000000000016e+01 9.897833409954811534e-01 8.061219769822002945e+01 8.084233342865709915e+01
1.319200000000000017e+01 9.913538394152954236e-01 8.093631499731854717e+01 8.100299093837529085e+01
1.320800000000000018e+01 9.917817208137595930e-01 8.116778026236175947e+01 8.116671069229924740e+01
1.322400000000000020e+01 9.938293467861420982e-01 8.153253527880276863e+01 8.133351565558905349e+01
1.324000000000000021e+01 9.909566150911732763e-01 8.149370453463842523e+01 8.150341125587372915e+01
1.325600000000000023e+01 9.913370033722421759e-01 8.172214498099603475e+01 8.167639982824761091e+01
1.327200000000000024e+01 9.868591888567730397e-01 8.154951534861773155e+01 8.185247565166848460e+01
1.328800000000000026e+01 9.889832027390957903e-01 8.192219938021708003e+01 8.203160811911379824e+01
1.330400000000000027e+01 9.911893032751698529e-01 8.230278437810382286e+01 8.221373528519353613e+01
1.332000000000000028e+01 9.872261687792932561e-01 8.217099721978675575e+01 8.239874334137124379e+01
1.333599999999999852e+01 9.900798516299506025e-01 8.260661861305899833e+01 8.258652923804814350e+01
1.335199999999999854e+01 9.895355209032661303e-01 8.275942886608562787e+01 8.277702195332236101e+01
1.336799999999999855e+01 9.922258052121116778e-01 8.318343313357377156e+01 8.297025886296992780e+01
1.338399999999999856e+01 9.895702341217683662e-01 8.315951128073402288e+01 8.316643491869831450e+01
1.339999999999999858e+01 9.891620952359988506e-01 8.332407700136319306e+01 8.336589281341750279e+01
1.341599999999999859e+01 9.880565089170495474e-01 8.342982482384017828e+01 8.356912211309760607e+01
1.343199999999999861e+01 9.895596784873267326e-01 8.375616930659178649e+01 8.377663859417538106e+01
1.344799999999999862e+01 9.880454491954420160e-01 8.382735673774423901e+01 8.398892275351543901e+01
1.346399999999999864e+01 9.869489220378275807e-01 8.393369299069557599e+01 8.420625068607982655e+01
1.347999999999999865e+01 9.901826005678431297e-01 8.440895508922629631e+01 8.442863129247027132e+01
1.349599999999999866e+01 9.909529884795968968e-01 8.467527971084969352e+01 8.465575875582695176e+01
1.351199999999999868e+01 9.915710179312855477e-01 8.492910485880784677e+01 8.488701040907950812e+01
1.352799999999999869e+01 9.881993408965485948e-01 8.484088656167516262e+01 8.512150417475265840e+01
1.354399999999999871e+01 9.923791596314039953e-01 8.540139692613891498e+01 8.535821971323679236e+01
1.355999999999999872e+01 9.914795150665601797e-01 8.552568746796809762e+01 8.559613646642834794e+01
1.357599999999999874e+01 9.943301497304534164e-01 8.597411536136226573e+01 8.583438188564343818e+01
1.359199999999999875e+01 9.957393434870507321e-01 8.629901683087861386e+01 8.607234357618116860e+01
1.360799999999999876e+01 9.936387681158755925e-01 8.631983032133015854e+01 8.630977461176686916e+01
1.362399999999999878e+01 9.965773218130840050e-01 8.677881573898288536e+01 8.654677511197924389e+01
1.363999999999999879e+01 9.913067323065660741e-01 8.652273623588349949e+01 8.678378323446895592e+01
1.365599999999999881e+01 9.947158010526699901e-01 8.702408827715194661e+01 8.702146760538269632e+01
1.367199999999999882e+01 9.928621238530673798e-01 8.706557886540208813e+01 8.726058881305146997e+01
1.368799999999999883e+01 9.947546038836601046e-01 8.743582253213445199e+01 8.750189053466608868e+01
1.370399999999999885e+01 9.988759285817370159e-01 8.800344964177641316e+01 8.774597596754760787e+01
1.371999999999999886e+01 9.925942279109180033e-01 8.765433861258961201e+01 8.799323530004910765e+01
1.373599999999999888e+01 9.970894232684305303e-01 8.825678902310359319e+01 8.824380310480142953e+01
1.375199999999999889e+01 9.939251677310505517e-01 8.818178062792920002e+01 8.849759826704085697e+01
1.376799999999999891e+01 1.000934970335813246e+00 8.901045610374427497e+01 8.875432747858974381e+01
1.378399999999999892e+01 9.986683439323474909e-01 8.901542334622227770e+01 8.901356971297285270e+01
1.379999999999999893e+01 1.000356513879850251e+00 8.937301852971860683e+01 8.927480290640170324e+01
1.381599999999999895e+01 9.979083508774856393e-01 8.936115123707773478e+01 8.953743748771780986e+01
1.383199999999999896e+01 9.992941904079828408e-01 8.969263276666143270e+01 8.980085582914020392e+01
1.384799999999999898e+01 1.001910143383637042e+00 9.013559547656946336e+01 9.006440262880818182e+01
1.386399999999999899e+01 1.002134390423593979e+00 9.036422215847944983e+01 9.032740276005105784e+01
1.387999999999999901e+01 1.003292373100972190e+00 9.067757392775995129e+01 9.058915578571925664e+01
1.389599999999999902e+01 1.002606663075756188e+00 9.082463190460156000e+01 9.084899083619700377e+01
1.391199999999999903e+01 1.002325968428580794e+00 9.100841888493333443e+01 9.110629001955275896e+01
1.392799999999999905e+01 1.005315042623862620e+00 9.148989859960801141e+01 9.136053799538950670e+01
1.394399999999999906e+01 1.006311252660784250e+00 9.179108983953693723e+01 9.161137491456868531e+01
1.395999999999999908e+01 1.006841135607287718e+00 9.205030597558409511e+01 9.185862408100055632e+01
1.397599999999999909e+01 1.005130645707848380e+00 9.210469049568736466e+01 9.210229096243385527e+01
1.399199999999999910e+01 1.005228026072413794e+00 9.232464158440092206e+01 9.234256332760034525e+01
1.400799999999999912e+01 1.004336782310024212e+00 9.245386758844259134e+01 9.257976680103314493e+01
1.402399999999999913e+01 1.007378905713594230e+00 9.294587233520616110e+01 9.281430028793148779e+01
1.403999999999999915e+01 1.007092845208707566e+00 9.313162380643291272e+01 9.304661699060700641e+01
1.405599999999999916e+01 1.005070530138181484e+00 9.315656905913452590e+01 9.327716482998300762e+01
1.407199999999999918e+01 1.008006249342440430e+00 9.364149239223867482e+01 9.350634188939386604e+01
1.408799999999999919e+01 1.006263015389016857e+00 9.369224506800958352e+01 9.373454021226811506e+01
1.410399999999999920e+01 1.006418418219258148e+00 9.391968422285265206e+01 9.396210220972402283e+01
1.411999999999999922e+01 1.007607565707040020e+00 9.424411971038723834e+01 9.418937687140653736e+01
1.413599999999999923e+01 1.007128624368061942e+00 9.441292693735491071e+01 9.441668095883446199e+01
1.415199999999999925e+01 1.007243288231958633e+00 9.463754615434595507e+01 9.464433662404012182e+01
1.416799999999999926e+01 1.007227246148356681e+00 9.485014750532852190e+01 9.487263519460627492e+01
1.418399999999999928e+01 1.007708128619078325e+00 9.510988488173487099e+01 9.510177530478964059e+01
1.419999999999999929e+01 1.008171363602805348e+00 9.536839972384147757e+01 9.533185362036452659e+01
1.421599999999999930e+01 1.006401326244485750e+00 9.541562053164302881e+01 9.556277699196716924e+01
1.423199999999999932e+01 1.008448139231527430e+00 9.582501328943286012e+01 9.579424113730108559e+01
1.424799999999999933e+01 1.007155607876997871e+00 9.591749700495263653e+01 9.602571478161158325e+01
1.426399999999999935e+01 1.006664973209320246e+00 9.608621077601077332e+01 9.625649307945583644e+01
1.427999999999999936e+01 1.011771397333233624e+00 9.679039488928086143e+01 9.648576923913945791e+01
1.429599999999999937e+01 1.006849998815388947e+00 9.653555592673667718e+01 9.671275364379449968e+01
1.431199999999999939e+01 1.011793775765117864e+00 9.722682584272364181e+01 9.693680849615411432e+01
1.432799999999999940e+01 1.011290656226692120e+00 9.739588076688264096e+01 9.715757051204613504e+01
1.434399999999999942e+01 1.008504831038470329e+00 9.734462694523249127e+01 9.737500976105242501e+01
1.435999999999999943e+01 1.010798847209620099e+00 9.778383519738436291e+01 9.758943222923997496e+01
1.437599999999999945e+01 1.008340035950313851e+00 9.776346559053138208e+01 9.780144042396469217e+01
1.439199999999999946e+01 1.007257540400696261e+00 9.787601457500615254e+01 9.801179265642201699e+01
1.440799999999999947e+01 1.007094515105445787e+00 9.807788216098072098e+01 9.822127501020356988e+01
1.442399999999999949e+01 1.009067054106574934e+00 9.848835942512644692e+01 9.843056245013967498e+01
1.443999999999999950e+01 1.009024961032249035e+00 9.870286192137820080e+01 9.864009703325609735e+01
1.445599999999999952e+01 1.006823683518671020e+00 9.870590870456256027e+01 9.885001420559332530e+01
1.447199999999999953e+01 1.005939213365205198e+00 9.883762358174155338e+01 9.906016201024141310e+01
1.448799999999999955e+01 1.011557195326551417e+00 9.960950164165268461e+01 9.927009405222904093e+01
1.450399999999999956e+01 1.007686238985475269e+00 9.944761201071479206e+01 9.947918830543558499e+01
1.451999999999999957e+01 1.008124784832235887e+00 9.971051831562932932e+01 9.968669139238969024e+01
1.453599999999999959e+01 1.007983475109925031e+00 9.991637975879096700e+01 9.989185712084977808e+01
1.455199999999999960e+01 1.007720447945036346e+00 1.001103298228399012e+02 1.000940129607573965e+02
1.456799999999999962e+01 1.006549169129542509e+00 1.002139797268121839e+02 1.002926355757263650e+02
1.458399999999999963e+01 1.009857161426856775e+00 1.007643041149384828e+02 1.004874164470119098e+02
1.459999999999999964e+01 1.009471196832812057e+00 1.009469245771011714e+02 1.006782623716186436e+02
1.461599999999999966e+01 1.007121681138592351e+00 1.009328329863965337e+02 1.008653403741495396e+02
1.463199999999999967e+01 1.003387215648866126e+00 1.007788497723008874e+02 1.010490449705416296e+02
1.464799999999999969e+01 1.005450551837916429e+00 1.012070645154913109e+02 1.012299417967339110e+02
1.466399999999999970e+01 1.006348911355017917e+00 1.015189071825336526e+02 1.014087982382104514e+02
1.467999999999999972e+01 1.005823394551653260e+00 1.016874350548353334e+02 1.015864716407976260e+02
1.469599999999999973e+01 1.005677654410577437e+00 1.018944515613824677e+02 1.017638718310696504e+02
1.471199999999999974e+01 1.002491204024874794e+00 1.017928917994178448e+02 1.019419261522888860e+02
1.472799999999999976e+01 1.002934912343400153e+00 1.020595735864109912e+02 1.021214904112062243e+02
1.474399999999999977e+01 1.001632179785384880e+00 1.021485867134863810e+02 1.023033069590287312e+02
1.475999999999999979e+01 1.003354316103701294e+00 1.025464162028338961e+02 1.024879415432190655e+02
1.477599999999999980e+01 1.000459947582491571e+00 1.024724030134772050e+02 1.026757231933045631e+02
1.479199999999999982e+01 1.002876893155139060e+00 1.029425377662417276e+02 1.028667377531509857e+02
1.480799999999999983e+01 9.996574564388405193e-01 1.028341754825301990e+02 1.030607845218902838e+02
1.482399999999999984e+01 1.003344191108750394e+00 1.034365918158362376e+02 1.032574411304160833e+02
1.483999999999999986e+01 1.000050237893283844e+00 1.033196838085922309e+02 1.034560956237510538e+02
1.485599999999999987e+01 1.000889429982473100e+00 1.036294834451218492e+02 1.036559817839722655e+02
1.487199999999999989e+01 1.000537921995281021e+00 1.038163501275066096e+02 1.038562648254772114e+02
1.488799999999999990e+01 1.001664050902175473e+00 1.041569506486137868e+02 1.040561085434648021e+02
1.490399999999999991e+01 1.002448291113243517e+00 1.044626677673024062e+02 1.042547518085919620e+02
1.491999999999999993e+01 9.983676921663442450e-01 1.042609346443187519e+02 1.044515256005638264e+02
1.493599999999999994e+01 1.002157178845432872e+00 1.048812611162273924e+02 1.046459411558326877e+02
1.495199999999999996e+01 1.000064621999108505e+00 1.048866198741034879e+02 1.048376932426480579e+02
1.496799999999999997e+01 9.968350336733764472e-01 1.047717724043177299e+02 1.050266709048810299e+02
1.498399999999999999e+01 1.000148750799225272e+00 1.053449144117268332e+02 1.052129726462998747e+02
1.500000000000000000e+01 1.000547786980561460e+00 1.056121303069271562e+02 1.053969322176097307e+02
1.501600000000000001e+01 9.996796409488595270e-01 1.057457241979578271e+02 1.055790564184574549e+02
1.503200000000000003e+01 9.977507079765732811e-01 1.057667179235550776e+02 1.057599911079805821e+02
1.504800000000000004e+01 9.951726274100198832e-01 1.057181211687977935e+02 1.059404757542449715e+02
1.506400000000000006e+01 9.951608763619911313e-01 1.059418022970660758e+02 1.061212357935473847e+02
1.508000000000000007e+01 9.980317248163721455e-01 1.064732421515441558e+02 1.063029243498216516e+02
1.509600000000000009e+01 9.955791425980169418e-01 1.064370950297829950e+02 1.064860368534123722e+02
1.511200000000000010e+01 9.968025576537501431e-01 1.067939087914890166e+02 1.066708940628188742e+02
1.512800000000000011e+01 9.917612328019945744e-01 1.064789129531963425e+02 1.068576312795422183e+02
1.514400000000000013e+01 9.942587752123908107e-01 1.069729773722898898e+02 1.070462392616133798e+02
1.516000000000000014e+01 9.944492504861560667e-01 1.072196725142070619e+02 1.072366352408035226e+02
1.517600000000000016e+01 9.967593489052262168e-01 1.076957096974234958e+02 1.074287578613071759e+02
1.519200000000000017e+01 9.953625277502284874e-01 1.077716766477915229e+02 1.076225961371970214e+02
1.520800000000000018e+01 9.924830366000935156e-01 1.076863729196416699e+02 1.078182620592078536e+02
1.522400000000000020e+01 9.939576519665322962e-01 1.080734165341842470e+02 1.080159980720792134e+02
1.524000000000000021e+01 9.910004566551636751e-01 1.079784869601084552e+02 1.082160790111568645e+02
1.525600000000000023e+01 9.909468248389557976e-01 1.081994765090670114e+02 1.084188255013730355e+02
1.527200000000000024e+01 9.935535522568397226e-01 1.087117683579118079e+02 1.086244634249768950e+02
1.528800000000000026e+01 9.925450777288739035e-01 1.088290998581443461e+02 1.088331541357996457e+02
1.530400000000000027e+01 9.908844063973412108e-01 1.088745459982802259e+02 1.090449072385763145e+02
1.532000000000000028e+01 9.935684207896475773e-01 1.093978430373947788e+02 1.092596022342344639e+02
1.533600000000000030e+01 9.928356854116839880e-01 1.095456224386645516e+02 1.094770314978713088e+02
1.535200000000000031e+01 9.901937938651221849e-01 1.094822143000914991e+02 1.096969053054816925e+02
1.536799999999999855e+01 9.912142770632420552e-01 1.098236065402253558e+02 1.099188735087789865e+02
1.538399999999999856e+01 9.924663806929573395e-01 1.101914240521901860e+02 1.101425616373263381e+02
1.539999999999999858e+01 9.929270136635999222e-01 1.104720001079193992e+02 1.103675774522686766e+02
1.541599999999999859e+01 9.919317717368119069e-01 1.105907118020513025e+02 1.105935121999310127e+02
1.543199999999999861e+01 9.900263226663801319e-01 1.106075111303372012e+02 1.108199769947852928e+02
1.544799999999999862e+01 9.933217235388920319e-01 1.112059191451230475e+02 1.110465784412404560e+02
1.546399999999999864e+01 9.906763924320134418e-01 1.111396296038073501e+02 1.112729793040689970e+02
1.547999999999999865e+01 9.929549436909781424e-01 1.116258821797629111e+02 1.114989219824030044e+02
1.549599999999999866e+01 9.934699501671480082e-01 1.119147682843489946e+02 1.117242775654549121e+02
1.551199999999999868e+01 9.912559382870195224e-01 1.118960724929354029e+02 1.119490887803003858e+02
1.552799999999999869e+01 9.884181938392377909e-01 1.118060294405825772e+02 1.121735861571428359e+02
1.554399999999999871e+01 9.955993702364818176e-01 1.128505389336676785e+02 1.123982073750312622e+02
1.555999999999999872e+01 9.906523749595329553e-01 1.125210871071539600e+02 1.126235514064054968e+02
1.557599999999999874e+01 9.925030342562387586e-01 1.129632475287380089e+02 1.128503970035020103e+02
1.559199999999999875e+01 9.896910468264830119e-01 1.128747347444437423e+02 1.130795930118977282e+02
1.560799999999999876e+01 9.909327344103815438e-01 1.132484161697406506e+02 1.133120306780803759e+02
1.562399999999999878e+01 9.899646017569456724e-01 1.133698508762366544e+02 1.135485730186005640e+02
1.563999999999999879e+01 9.902976329231621966e-01 1.136403826639777463e+02 1.137899941421184451e+02
1.565599999999999881e+01 9.916646328251058629e-01 1.140302033971291564e+02 1.140369238524245930e+02
1.567199999999999882e+01 9.933666406873875587e-01 1.144595057954398953e+02 1.142898644751458050e+02
1.568799999999999883e+01 9.911013631144512948e-01 1.144317879878125410e+02 1.145491194270788355e+02
1.570399999999999885e+01 9.899144011017941835e-01 1.145279967978924276e+02 1.148147821271820845e+02
1.571999999999999886e+01 9.914814957173455623e-01 1.149431634923256667e+02 1.150867551839912437e+02
1.573599999999999888e+01 9.915211119775657611e-01 1.151818656564236534e+02 1.153646937301190860e+02
1.575199999999999889e+01 9.940507613516885721e-01 1.157106724755570468e+02 1.156480064586573917e+02
1.576799999999999891e+01 9.950502027871435118e-01 1.160624313322652057e+02 1.159358205820943937e+02
1.578399999999999892e+01 9.925013475201277524e-01 1.160001894765043460e+02 1.162269629813231262e+02
1.579999999999999893e+01 9.953430367379506594e-01 1.165682845960482155e+02 1.165199418233444248e+02
1.581599999999999895e+01 9.939755828634752044e-01 1.166440197317218690e+02 1.168128863127516865e+02
1.583199999999999896e+01 9.967572164675965185e-01 1.172072294130964991e+02 1.171035002857791198e+02
1.584799999999999898e+01 9.964059746502000880e-01 1.174028655135576145e+02 1.173890195924136179e+02
1.586399999999999899e+01 9.993178249098014776e-01 1.179838287235907757e+02 1.176661253696067462e+02
1.587999999999999901e+01 9.971542720051240760e-01 1.179659852907001465e+02 1.179309294541786670e+02
1.589599999999999902e+01 9.985832609771920776e-01 1.183732138824253752e+02 1.181790091123375532e+02
1.591199999999999903e+01 9.980448318756490744e-01 1.185476745973094381e+02 1.184054534609670668e+02
1.592799999999999905e+01 9.995945112198636462e-01 1.189706421808271415e+02 1.186050718096229701e+02
1.594399999999999906e+01 9.998365753508411391e-01 1.192386472069859167e+02 1.187726448216733530e+02
1.595999999999999908e+01 1.001028546803758301e+00 1.196205199223053057e+02 1.189033174928388661e+02
1.597599999999999909e+01 9.986415539333548530e-01 1.195746686427154515e+02 1.189929595502239579e+02
1.599200000000000088e+01 1.000411716802654283e+00 1.200266765030366543e+02 1.190385704680757328e+02